"canonical_product_id","name","shop","date","original_price","promotion_price","match_status"
"prod_03ac60309d251b00","Набор подарочный M&M'S & FRIENDS Снова в школу, карандаш , 116г","lenta","2026-09-17 16:56:25.859",252.69,169.99,"provisional"
"prod_03ac60309d251b00","Набор подарочный M&M'S & FRIENDS Снова в школу, карандаш , 116г","lenta","2026-09-17 17:07:27.120",252.69,169.99,"provisional"
"prod_03ac60309d251b00","Набор подарочный M&M'S & FRIENDS Снова в школу, карандаш , 116г","lenta","2026-09-17 17:18:28.858",252.69,169.99,"provisional"
"prod_03ac60309d251b00","Набор подарочный M&M'S & FRIENDS Снова в школу, карандаш , 116г","lenta","2026-09-17 17:29:29.889",252.69,169.99,"provisional"
"prod_03ac60309d251b00","Набор подарочный M&M'S & FRIENDS Снова в школу, карандаш , 116г","lenta","2026-09-17 17:40:28.607",252.69,169.99,"provisional"
"prod_03ac60309d251b00","Набор подарочный M&M'S & FRIENDS Снова в школу, карандаш , 116г","lenta","2026-09-17 17:51:31.303",252.69,169.99,"provisional"
"prod_03ac60309d251b00","Набор подарочный M&M'S & FRIENDS Снова в школу, карандаш , 116г","lenta","2026-09-17 18:02:30.828",252.69,169.99,"provisional"
"prod_03ac60309d251b00","Набор подарочный M&M'S & FRIENDS Снова в школу, карандаш , 116г","lenta","2026-09-17 18:13:28.934",252.69,169.99,"provisional"
"prod_03ac60309d251b00","Набор подарочный M&M'S & FRIENDS Снова в школу, карандаш , 116г","lenta","2026-09-17 18:24:26.753",252.69,169.99,"provisional"
"prod_03ac60309d251b00","Набор подарочный M&M'S & FRIENDS Снова в школу, карандаш , 116г","lenta","2026-09-17 18:35:26.297",252.69,169.99,"provisional"
"prod_03ac60309d251b00","Набор подарочный M&M'S & FRIENDS Снова в школу, карандаш , 116г","lenta","2026-09-17 18:46:23.109",252.69,169.99,"provisional"
"prod_03ac60309d251b00","Набор подарочный M&M'S & FRIENDS Снова в школу, карандаш , 116г","lenta","2026-09-17 18:57:17.731",252.69,169.99,"provisional"
"prod_03ac60309d251b00","Набор подарочный M&M'S & FRIENDS Снова в школу, карандаш , 116г","lenta","2026-09-17 19:08:14.979",252.69,169.99,"provisional"
"prod_03ac60309d251b00","Набор подарочный M&M'S & FRIENDS Снова в школу, карандаш , 116г","lenta","2026-09-17 19:19:22.645",252.69,169.99,"provisional"
"prod_03ac60309d251b00","Набор подарочный M&M'S & FRIENDS Снова в школу, карандаш , 116г","lenta","2026-09-17 19:30:18.283",252.69,169.99,"provisional"
"prod_045c026204368467","Сушильная машина Candy CSOE C10DG-07","holodilnik","2026-09-17 16:56:15.105",45999,41399,"provisional"
"prod_045c026204368467","Сушильная машина Candy CSOE C10DG-07","holodilnik","2026-09-17 17:06:16.558",45999,41399,"provisional"
"prod_045c026204368467","Сушильная машина Candy CSOE C10DG-07","holodilnik","2026-09-17 17:16:17.412",45999,41399,"provisional"
"prod_045c026204368467","Сушильная машина Candy CSOE C10DG-07","holodilnik","2026-09-17 17:26:18.293",45999,41399,"provisional"
"prod_045c026204368467","Сушильная машина Candy CSOE C10DG-07","holodilnik","2026-09-17 17:36:18.915",45999,41399,"provisional"
"prod_045c026204368467","Сушильная машина Candy CSOE C10DG-07","holodilnik","2026-09-17 17:46:19.518",45999,41399,"provisional"
"prod_045c026204368467","Сушильная машина Candy CSOE C10DG-07","holodilnik","2026-09-17 17:56:20.174",45999,41399,"provisional"
"prod_045c026204368467","Сушильная машина Candy CSOE C10DG-07","holodilnik","2026-09-17 18:06:20.803",45999,41399,"provisional"
"prod_045c026204368467","Сушильная машина Candy CSOE C10DG-07","holodilnik","2026-09-17 18:16:21.498",45999,41399,"provisional"
"prod_045c026204368467","Сушильная машина Candy CSOE C10DG-07","holodilnik","2026-09-17 18:26:22.177",45999,41399,"provisional"
"prod_045c026204368467","Сушильная машина Candy CSOE C10DG-07","holodilnik","2026-09-17 18:36:23.735",45999,41399,"provisional"
"prod_045c026204368467","Сушильная машина Candy CSOE C10DG-07","holodilnik","2026-09-17 18:46:24.340",45999,41399,"provisional"
"prod_045c026204368467","Сушильная машина Candy CSOE C10DG-07","holodilnik","2026-09-17 18:56:25.037",45999,41399,"provisional"
"prod_045c026204368467","Сушильная машина Candy CSOE C10DG-07","holodilnik","2026-09-17 19:06:25.689",45999,41399,"provisional"
"prod_045c026204368467","Сушильная машина Candy CSOE C10DG-07","holodilnik","2026-09-17 19:16:26.469",45999,41399,"provisional"
"prod_045c026204368467","Сушильная машина Candy CSOE C10DG-07","holodilnik","2026-09-17 19:26:27.021",45999,41399,"provisional"
"prod_045c026204368467","Сушильная машина Candy CSOE C10DG-07","holodilnik","2026-09-17 19:36:27.816",45999,41399,"provisional"
"prod_04b19f1beb03ccbb","Тушь для ресниц `LUXVISAGE` XXL суперобъем, эффект накладных ресниц (черная)","podruzhka","2026-09-17 16:56:15.890",527,233,"provisional"
"prod_04b19f1beb03ccbb","Тушь для ресниц `LUXVISAGE` XXL суперобъем, эффект накладных ресниц (черная)","podruzhka","2026-09-17 17:06:21.003",527,233,"provisional"
"prod_04b19f1beb03ccbb","Тушь для ресниц `LUXVISAGE` XXL суперобъем, эффект накладных ресниц (черная)","podruzhka","2026-09-17 17:16:25.109",527,233,"provisional"
"prod_04b19f1beb03ccbb","Тушь для ресниц `LUXVISAGE` XXL суперобъем, эффект накладных ресниц (черная)","podruzhka","2026-09-17 17:26:29.150",527,233,"provisional"
"prod_04b19f1beb03ccbb","Тушь для ресниц `LUXVISAGE` XXL суперобъем, эффект накладных ресниц (черная)","podruzhka","2026-09-17 17:36:33.936",527,233,"provisional"
"prod_04b19f1beb03ccbb","Тушь для ресниц `LUXVISAGE` XXL суперобъем, эффект накладных ресниц (черная)","podruzhka","2026-09-17 17:46:37.996",527,233,"provisional"
"prod_04b19f1beb03ccbb","Тушь для ресниц `LUXVISAGE` XXL суперобъем, эффект накладных ресниц (черная)","podruzhka","2026-09-17 17:56:44.560",527,233,"provisional"
"prod_04b19f1beb03ccbb","Тушь для ресниц `LUXVISAGE` XXL суперобъем, эффект накладных ресниц (черная)","podruzhka","2026-09-17 18:06:49.600",527,233,"provisional"
"prod_04b19f1beb03ccbb","Тушь для ресниц `LUXVISAGE` XXL суперобъем, эффект накладных ресниц (черная)","podruzhka","2026-09-17 18:16:53.640",527,233,"provisional"
"prod_04b19f1beb03ccbb","Тушь для ресниц `LUXVISAGE` XXL суперобъем, эффект накладных ресниц (черная)","podruzhka","2026-09-17 18:26:59.937",527,233,"provisional"
"prod_04b19f1beb03ccbb","Тушь для ресниц `LUXVISAGE` XXL суперобъем, эффект накладных ресниц (черная)","podruzhka","2026-09-17 18:37:06.005",527,233,"provisional"
"prod_04b19f1beb03ccbb","Тушь для ресниц `LUXVISAGE` XXL суперобъем, эффект накладных ресниц (черная)","podruzhka","2026-09-17 18:47:10.586",527,233,"provisional"
"prod_04b19f1beb03ccbb","Тушь для ресниц `LUXVISAGE` XXL суперобъем, эффект накладных ресниц (черная)","podruzhka","2026-09-17 18:57:14.505",527,233,"provisional"
"prod_04b19f1beb03ccbb","Тушь для ресниц `LUXVISAGE` XXL суперобъем, эффект накладных ресниц (черная)","podruzhka","2026-09-17 19:07:18.708",527,233,"provisional"
"prod_04b19f1beb03ccbb","Тушь для ресниц `LUXVISAGE` XXL суперобъем, эффект накладных ресниц (черная)","podruzhka","2026-09-17 19:17:22.707",527,233,"provisional"
"prod_04b19f1beb03ccbb","Тушь для ресниц `LUXVISAGE` XXL суперобъем, эффект накладных ресниц (черная)","podruzhka","2026-09-17 19:27:25.509",527,233,"provisional"
"prod_04b19f1beb03ccbb","Тушь для ресниц `LUXVISAGE` XXL суперобъем, эффект накладных ресниц (черная)","podruzhka","2026-09-17 19:37:28.681",527,233,"provisional"
"prod_06dce203f1fba742","Тонер для лица `CELIMAX` DUAL BARRIER кремовый с комплексом керамидов (укрепляющий и питательный) 150 мл","podruzhka","2026-09-17 16:56:15.895",2540,1180,"provisional"
"prod_06dce203f1fba742","Тонер для лица `CELIMAX` DUAL BARRIER кремовый с комплексом керамидов (укрепляющий и питательный) 150 мл","podruzhka","2026-09-17 17:06:21.007",2540,1180,"provisional"
"prod_06dce203f1fba742","Тонер для лица `CELIMAX` DUAL BARRIER кремовый с комплексом керамидов (укрепляющий и питательный) 150 мл","podruzhka","2026-09-17 17:16:25.113",2540,1180,"provisional"
"prod_06dce203f1fba742","Тонер для лица `CELIMAX` DUAL BARRIER кремовый с комплексом керамидов (укрепляющий и питательный) 150 мл","podruzhka","2026-09-17 17:26:29.155",2540,1180,"provisional"
"prod_06dce203f1fba742","Тонер для лица `CELIMAX` DUAL BARRIER кремовый с комплексом керамидов (укрепляющий и питательный) 150 мл","podruzhka","2026-09-17 17:36:33.941",2540,1180,"provisional"
"prod_06dce203f1fba742","Тонер для лица `CELIMAX` DUAL BARRIER кремовый с комплексом керамидов (укрепляющий и питательный) 150 мл","podruzhka","2026-09-17 17:46:38.000",2540,1180,"provisional"
"prod_06dce203f1fba742","Тонер для лица `CELIMAX` DUAL BARRIER кремовый с комплексом керамидов (укрепляющий и питательный) 150 мл","podruzhka","2026-09-17 17:56:44.564",2540,1180,"provisional"
"prod_06dce203f1fba742","Тонер для лица `CELIMAX` DUAL BARRIER кремовый с комплексом керамидов (укрепляющий и питательный) 150 мл","podruzhka","2026-09-17 18:06:49.604",2540,1180,"provisional"
"prod_06dce203f1fba742","Тонер для лица `CELIMAX` DUAL BARRIER кремовый с комплексом керамидов (укрепляющий и питательный) 150 мл","podruzhka","2026-09-17 18:16:53.644",2540,1180,"provisional"
"prod_06dce203f1fba742","Тонер для лица `CELIMAX` DUAL BARRIER кремовый с комплексом керамидов (укрепляющий и питательный) 150 мл","podruzhka","2026-09-17 18:26:59.941",2540,1180,"provisional"
"prod_06dce203f1fba742","Тонер для лица `CELIMAX` DUAL BARRIER кремовый с комплексом керамидов (укрепляющий и питательный) 150 мл","podruzhka","2026-09-17 18:37:06.010",2540,1180,"provisional"
"prod_06dce203f1fba742","Тонер для лица `CELIMAX` DUAL BARRIER кремовый с комплексом керамидов (укрепляющий и питательный) 150 мл","podruzhka","2026-09-17 18:47:10.591",2540,1180,"provisional"
"prod_06dce203f1fba742","Тонер для лица `CELIMAX` DUAL BARRIER кремовый с комплексом керамидов (укрепляющий и питательный) 150 мл","podruzhka","2026-09-17 18:57:14.509",2540,1180,"provisional"
"prod_06dce203f1fba742","Тонер для лица `CELIMAX` DUAL BARRIER кремовый с комплексом керамидов (укрепляющий и питательный) 150 мл","podruzhka","2026-09-17 19:07:18.715",2540,1180,"provisional"
"prod_06dce203f1fba742","Тонер для лица `CELIMAX` DUAL BARRIER кремовый с комплексом керамидов (укрепляющий и питательный) 150 мл","podruzhka","2026-09-17 19:17:22.713",2540,1180,"provisional"
"prod_06dce203f1fba742","Тонер для лица `CELIMAX` DUAL BARRIER кремовый с комплексом керамидов (укрепляющий и питательный) 150 мл","podruzhka","2026-09-17 19:27:25.513",2540,1180,"provisional"
"prod_06dce203f1fba742","Тонер для лица `CELIMAX` DUAL BARRIER кремовый с комплексом керамидов (укрепляющий и питательный) 150 мл","podruzhka","2026-09-17 19:37:28.685",2540,1180,"provisional"
"prod_097c0e99025cb27c","Скраб для тела Synergetic карамельное яблоко и ваниль, 300 мл","magnit","2026-09-17 16:56:14.923",499.99,369.99,"provisional"
"prod_097c0e99025cb27c","Скраб для тела Synergetic карамельное яблоко и ваниль, 300 мл","magnit","2026-09-17 17:06:16.562",499.99,369.99,"provisional"
"prod_097c0e99025cb27c","Скраб для тела Synergetic карамельное яблоко и ваниль, 300 мл","magnit","2026-09-17 17:16:17.164",499.99,369.99,"provisional"
"prod_097c0e99025cb27c","Скраб для тела Synergetic карамельное яблоко и ваниль, 300 мл","magnit","2026-09-17 17:26:17.702",499.99,369.99,"provisional"
"prod_097c0e99025cb27c","Скраб для тела Synergetic карамельное яблоко и ваниль, 300 мл","magnit","2026-09-17 17:36:18.305",499.99,369.99,"provisional"
"prod_097c0e99025cb27c","Скраб для тела Synergetic карамельное яблоко и ваниль, 300 мл","magnit","2026-09-17 17:46:19.288",499.99,369.99,"provisional"
"prod_097c0e99025cb27c","Скраб для тела Synergetic карамельное яблоко и ваниль, 300 мл","magnit","2026-09-17 17:56:19.900",499.99,369.99,"provisional"
"prod_097c0e99025cb27c","Скраб для тела Synergetic карамельное яблоко и ваниль, 300 мл","magnit","2026-09-17 18:06:20.698",499.99,369.99,"provisional"
"prod_097c0e99025cb27c","Скраб для тела Synergetic карамельное яблоко и ваниль, 300 мл","magnit","2026-09-17 18:16:21.247",499.99,369.99,"provisional"
"prod_097c0e99025cb27c","Скраб для тела Synergetic карамельное яблоко и ваниль, 300 мл","magnit","2026-09-17 18:26:21.945",499.99,369.99,"provisional"
"prod_097c0e99025cb27c","Скраб для тела Synergetic карамельное яблоко и ваниль, 300 мл","magnit","2026-09-17 18:36:23.442",499.99,369.99,"provisional"
"prod_097c0e99025cb27c","Скраб для тела Synergetic карамельное яблоко и ваниль, 300 мл","magnit","2026-09-17 18:46:24.079",499.99,369.99,"provisional"
"prod_097c0e99025cb27c","Скраб для тела Synergetic карамельное яблоко и ваниль, 300 мл","magnit","2026-09-17 18:56:25.014",499.99,369.99,"provisional"
"prod_097c0e99025cb27c","Скраб для тела Synergetic карамельное яблоко и ваниль, 300 мл","magnit","2026-09-17 19:06:25.917",499.99,369.99,"provisional"
"prod_097c0e99025cb27c","Скраб для тела Synergetic карамельное яблоко и ваниль, 300 мл","magnit","2026-09-17 19:16:26.744",499.99,369.99,"provisional"
"prod_097c0e99025cb27c","Скраб для тела Synergetic карамельное яблоко и ваниль, 300 мл","magnit","2026-09-17 19:26:27.354",499.99,369.99,"provisional"
"prod_097c0e99025cb27c","Скраб для тела Synergetic карамельное яблоко и ваниль, 300 мл","magnit","2026-09-17 19:36:28.214",499.99,369.99,"provisional"
"prod_0d2ec11672692d85","Мицеллярная вода `EVELINE` FACEMED+ 3 в 1 гиалуроновая 750 мл","podruzhka","2026-09-17 16:56:15.893",714,464,"provisional"
"prod_0d2ec11672692d85","Мицеллярная вода `EVELINE` FACEMED+ 3 в 1 гиалуроновая 750 мл","podruzhka","2026-09-17 17:06:21.006",714,464,"provisional"
"prod_0d2ec11672692d85","Мицеллярная вода `EVELINE` FACEMED+ 3 в 1 гиалуроновая 750 мл","podruzhka","2026-09-17 17:16:25.112",714,464,"provisional"
"prod_0d2ec11672692d85","Мицеллярная вода `EVELINE` FACEMED+ 3 в 1 гиалуроновая 750 мл","podruzhka","2026-09-17 17:26:29.153",714,464,"provisional"
"prod_0d2ec11672692d85","Мицеллярная вода `EVELINE` FACEMED+ 3 в 1 гиалуроновая 750 мл","podruzhka","2026-09-17 17:36:33.939",714,464,"provisional"
"prod_0d2ec11672692d85","Мицеллярная вода `EVELINE` FACEMED+ 3 в 1 гиалуроновая 750 мл","podruzhka","2026-09-17 17:46:37.998",714,464,"provisional"
"prod_0d2ec11672692d85","Мицеллярная вода `EVELINE` FACEMED+ 3 в 1 гиалуроновая 750 мл","podruzhka","2026-09-17 17:56:44.563",714,464,"provisional"
"prod_0d2ec11672692d85","Мицеллярная вода `EVELINE` FACEMED+ 3 в 1 гиалуроновая 750 мл","podruzhka","2026-09-17 18:06:49.602",714,464,"provisional"
"prod_0d2ec11672692d85","Мицеллярная вода `EVELINE` FACEMED+ 3 в 1 гиалуроновая 750 мл","podruzhka","2026-09-17 18:16:53.643",714,464,"provisional"
"prod_0d2ec11672692d85","Мицеллярная вода `EVELINE` FACEMED+ 3 в 1 гиалуроновая 750 мл","podruzhka","2026-09-17 18:26:59.939",714,464,"provisional"
"prod_0d2ec11672692d85","Мицеллярная вода `EVELINE` FACEMED+ 3 в 1 гиалуроновая 750 мл","podruzhka","2026-09-17 18:37:06.007",714,464,"provisional"
"prod_0d2ec11672692d85","Мицеллярная вода `EVELINE` FACEMED+ 3 в 1 гиалуроновая 750 мл","podruzhka","2026-09-17 18:47:10.589",714,464,"provisional"
"prod_0d2ec11672692d85","Мицеллярная вода `EVELINE` FACEMED+ 3 в 1 гиалуроновая 750 мл","podruzhka","2026-09-17 18:57:14.508",714,464,"provisional"
"prod_0d2ec11672692d85","Мицеллярная вода `EVELINE` FACEMED+ 3 в 1 гиалуроновая 750 мл","podruzhka","2026-09-17 19:07:18.713",714,464,"provisional"
"prod_0d2ec11672692d85","Мицеллярная вода `EVELINE` FACEMED+ 3 в 1 гиалуроновая 750 мл","podruzhka","2026-09-17 19:17:22.711",714,464,"provisional"
"prod_0d2ec11672692d85","Мицеллярная вода `EVELINE` FACEMED+ 3 в 1 гиалуроновая 750 мл","podruzhka","2026-09-17 19:27:25.512",714,464,"provisional"
"prod_0d2ec11672692d85","Мицеллярная вода `EVELINE` FACEMED+ 3 в 1 гиалуроновая 750 мл","podruzhka","2026-09-17 19:37:28.683",714,464,"provisional"
"prod_115fd3949eb2ff10","Сыворотка для лица `CELIMAX` THE VITA A с ретинолом и микроиглами (подтягивающая) 30 мл","podruzhka","2026-09-17 16:56:15.894",2990,1116,"provisional"
"prod_115fd3949eb2ff10","Сыворотка для лица `CELIMAX` THE VITA A с ретинолом и микроиглами (подтягивающая) 30 мл","podruzhka","2026-09-17 17:06:21.007",2990,1116,"provisional"
"prod_115fd3949eb2ff10","Сыворотка для лица `CELIMAX` THE VITA A с ретинолом и микроиглами (подтягивающая) 30 мл","podruzhka","2026-09-17 17:16:25.113",2990,1116,"provisional"
"prod_115fd3949eb2ff10","Сыворотка для лица `CELIMAX` THE VITA A с ретинолом и микроиглами (подтягивающая) 30 мл","podruzhka","2026-09-17 17:26:29.154",2990,1116,"provisional"
"prod_115fd3949eb2ff10","Сыворотка для лица `CELIMAX` THE VITA A с ретинолом и микроиглами (подтягивающая) 30 мл","podruzhka","2026-09-17 17:36:33.941",2990,1116,"provisional"
"prod_115fd3949eb2ff10","Сыворотка для лица `CELIMAX` THE VITA A с ретинолом и микроиглами (подтягивающая) 30 мл","podruzhka","2026-09-17 17:46:38.000",2990,1116,"provisional"
"prod_115fd3949eb2ff10","Сыворотка для лица `CELIMAX` THE VITA A с ретинолом и микроиглами (подтягивающая) 30 мл","podruzhka","2026-09-17 17:56:44.564",2990,1116,"provisional"
"prod_115fd3949eb2ff10","Сыворотка для лица `CELIMAX` THE VITA A с ретинолом и микроиглами (подтягивающая) 30 мл","podruzhka","2026-09-17 18:06:49.603",2990,1116,"provisional"
"prod_115fd3949eb2ff10","Сыворотка для лица `CELIMAX` THE VITA A с ретинолом и микроиглами (подтягивающая) 30 мл","podruzhka","2026-09-17 18:16:53.644",2990,1116,"provisional"
"prod_115fd3949eb2ff10","Сыворотка для лица `CELIMAX` THE VITA A с ретинолом и микроиглами (подтягивающая) 30 мл","podruzhka","2026-09-17 18:26:59.941",2990,1116,"provisional"
"prod_115fd3949eb2ff10","Сыворотка для лица `CELIMAX` THE VITA A с ретинолом и микроиглами (подтягивающая) 30 мл","podruzhka","2026-09-17 18:37:06.009",2990,1116,"provisional"
"prod_115fd3949eb2ff10","Сыворотка для лица `CELIMAX` THE VITA A с ретинолом и микроиглами (подтягивающая) 30 мл","podruzhka","2026-09-17 18:47:10.590",2990,1116,"provisional"
"prod_115fd3949eb2ff10","Сыворотка для лица `CELIMAX` THE VITA A с ретинолом и микроиглами (подтягивающая) 30 мл","podruzhka","2026-09-17 18:57:14.509",2990,1116,"provisional"
"prod_115fd3949eb2ff10","Сыворотка для лица `CELIMAX` THE VITA A с ретинолом и микроиглами (подтягивающая) 30 мл","podruzhka","2026-09-17 19:07:18.715",2990,1116,"provisional"
"prod_115fd3949eb2ff10","Сыворотка для лица `CELIMAX` THE VITA A с ретинолом и микроиглами (подтягивающая) 30 мл","podruzhka","2026-09-17 19:17:22.713",2990,1116,"provisional"
"prod_115fd3949eb2ff10","Сыворотка для лица `CELIMAX` THE VITA A с ретинолом и микроиглами (подтягивающая) 30 мл","podruzhka","2026-09-17 19:27:25.513",2990,1116,"provisional"
"prod_115fd3949eb2ff10","Сыворотка для лица `CELIMAX` THE VITA A с ретинолом и микроиглами (подтягивающая) 30 мл","podruzhka","2026-09-17 19:37:28.685",2990,1116,"provisional"
"prod_151fa2fa6821276c","Стиральная машина Stinol WSTS 510 B","holodilnik","2026-09-17 16:56:15.158",23990,20299,"provisional"
"prod_151fa2fa6821276c","Стиральная машина Stinol WSTS 510 B","holodilnik","2026-09-17 17:06:16.580",23990,20299,"provisional"
"prod_151fa2fa6821276c","Стиральная машина Stinol WSTS 510 B","holodilnik","2026-09-17 17:16:17.430",23990,20299,"provisional"
"prod_151fa2fa6821276c","Стиральная машина Stinol WSTS 510 B","holodilnik","2026-09-17 17:26:18.315",23990,20299,"provisional"
"prod_151fa2fa6821276c","Стиральная машина Stinol WSTS 510 B","holodilnik","2026-09-17 17:36:18.934",23990,20299,"provisional"
"prod_151fa2fa6821276c","Стиральная машина Stinol WSTS 510 B","holodilnik","2026-09-17 17:46:19.539",23990,20299,"provisional"
"prod_151fa2fa6821276c","Стиральная машина Stinol WSTS 510 B","holodilnik","2026-09-17 17:56:20.193",23990,20299,"provisional"
"prod_151fa2fa6821276c","Стиральная машина Stinol WSTS 510 B","holodilnik","2026-09-17 18:06:20.824",23990,20299,"provisional"
"prod_151fa2fa6821276c","Стиральная машина Stinol WSTS 510 B","holodilnik","2026-09-17 18:16:21.518",23990,20299,"provisional"
"prod_151fa2fa6821276c","Стиральная машина Stinol WSTS 510 B","holodilnik","2026-09-17 18:26:22.197",23990,20299,"provisional"
"prod_151fa2fa6821276c","Стиральная машина Stinol WSTS 510 B","holodilnik","2026-09-17 18:36:23.754",23990,20299,"provisional"
"prod_151fa2fa6821276c","Стиральная машина Stinol WSTS 510 B","holodilnik","2026-09-17 18:46:24.359",23990,20299,"provisional"
"prod_151fa2fa6821276c","Стиральная машина Stinol WSTS 510 B","holodilnik","2026-09-17 18:56:25.058",23990,20299,"provisional"
"prod_151fa2fa6821276c","Стиральная машина Stinol WSTS 510 B","holodilnik","2026-09-17 19:06:25.709",23990,20299,"provisional"
"prod_151fa2fa6821276c","Стиральная машина Stinol WSTS 510 B","holodilnik","2026-09-17 19:16:26.488",23990,20299,"provisional"
"prod_151fa2fa6821276c","Стиральная машина Stinol WSTS 510 B","holodilnik","2026-09-17 19:26:27.040",23990,20299,"provisional"
"prod_151fa2fa6821276c","Стиральная машина Stinol WSTS 510 B","holodilnik","2026-09-17 19:36:27.839",23990,20299,"provisional"
"prod_15734fa5f632edae","Шнек (300х800 мм) для бензобура Gigant 12-010","mvideo","2026-09-17 16:56:15.996",12431,9547,"provisional"
"prod_15734fa5f632edae","Шнек (300х800 мм) для бензобура Gigant 12-010","mvideo","2026-09-17 17:06:18.280",12431,9547,"provisional"
"prod_15734fa5f632edae","Шнек (300х800 мм) для бензобура Gigant 12-010","mvideo","2026-09-17 17:16:19.904",12431,9547,"provisional"
"prod_15734fa5f632edae","Шнек (300х800 мм) для бензобура Gigant 12-010","mvideo","2026-09-17 17:26:21.379",12431,9547,"provisional"
"prod_15734fa5f632edae","Шнек (300х800 мм) для бензобура Gigant 12-010","mvideo","2026-09-17 17:36:22.888",12431,9547,"provisional"
"prod_15734fa5f632edae","Шнек (300х800 мм) для бензобура Gigant 12-010","mvideo","2026-09-17 17:46:24.501",12431,9547,"provisional"
"prod_15734fa5f632edae","Шнек (300х800 мм) для бензобура Gigant 12-010","mvideo","2026-09-17 17:56:26.082",12431,9547,"provisional"
"prod_15734fa5f632edae","Шнек (300х800 мм) для бензобура Gigant 12-010","mvideo","2026-09-17 18:06:27.736",12431,9547,"provisional"
"prod_15734fa5f632edae","Шнек (300х800 мм) для бензобура Gigant 12-010","mvideo","2026-09-17 18:16:29.203",12431,9547,"provisional"
"prod_15734fa5f632edae","Шнек (300х800 мм) для бензобура Gigant 12-010","mvideo","2026-09-17 18:26:31.070",12431,9547,"provisional"
"prod_15734fa5f632edae","Шнек (300х800 мм) для бензобура Gigant 12-010","mvideo","2026-09-17 18:36:32.737",12431,9547,"provisional"
"prod_15734fa5f632edae","Шнек (300х800 мм) для бензобура Gigant 12-010","mvideo","2026-09-17 18:46:34.393",12431,9547,"provisional"
"prod_15734fa5f632edae","Шнек (300х800 мм) для бензобура Gigant 12-010","mvideo","2026-09-17 18:56:36.066",12431,9547,"provisional"
"prod_15734fa5f632edae","Шнек (300х800 мм) для бензобура Gigant 12-010","mvideo","2026-09-17 19:06:37.940",12431,9547,"provisional"
"prod_15734fa5f632edae","Шнек (300х800 мм) для бензобура Gigant 12-010","mvideo","2026-09-17 19:16:39.826",12431,9547,"provisional"
"prod_15734fa5f632edae","Шнек (300х800 мм) для бензобура Gigant 12-010","mvideo","2026-09-17 19:26:41.242",12431,9547,"provisional"
"prod_15734fa5f632edae","Шнек (300х800 мм) для бензобура Gigant 12-010","mvideo","2026-09-17 19:36:42.987",12431,9547,"provisional"
"prod_15d9f45dda95469f","Пенка для умывания `MIXIT` `LAB` WOW MOISTURE с мочевиной и гиалуроновой кислотой (экстраувляжняющая) 200 мл","podruzhka","2026-09-17 16:56:18.527",538,287,"provisional"
"prod_15d9f45dda95469f","Пенка для умывания `MIXIT` `LAB` WOW MOISTURE с мочевиной и гиалуроновой кислотой (экстраувляжняющая) 200 мл","podruzhka","2026-09-17 17:06:23.989",538,287,"provisional"
"prod_15d9f45dda95469f","Пенка для умывания `MIXIT` `LAB` WOW MOISTURE с мочевиной и гиалуроновой кислотой (экстраувляжняющая) 200 мл","podruzhka","2026-09-17 17:16:27.846",538,287,"provisional"
"prod_15d9f45dda95469f","Пенка для умывания `MIXIT` `LAB` WOW MOISTURE с мочевиной и гиалуроновой кислотой (экстраувляжняющая) 200 мл","podruzhka","2026-09-17 17:26:32.048",538,287,"provisional"
"prod_15d9f45dda95469f","Пенка для умывания `MIXIT` `LAB` WOW MOISTURE с мочевиной и гиалуроновой кислотой (экстраувляжняющая) 200 мл","podruzhka","2026-09-17 17:36:36.729",538,287,"provisional"
"prod_15d9f45dda95469f","Пенка для умывания `MIXIT` `LAB` WOW MOISTURE с мочевиной и гиалуроновой кислотой (экстраувляжняющая) 200 мл","podruzhka","2026-09-17 17:46:41.430",538,287,"provisional"
"prod_15d9f45dda95469f","Пенка для умывания `MIXIT` `LAB` WOW MOISTURE с мочевиной и гиалуроновой кислотой (экстраувляжняющая) 200 мл","podruzhka","2026-09-17 17:56:47.458",538,287,"provisional"
"prod_15d9f45dda95469f","Пенка для умывания `MIXIT` `LAB` WOW MOISTURE с мочевиной и гиалуроновой кислотой (экстраувляжняющая) 200 мл","podruzhka","2026-09-17 18:06:52.478",538,287,"provisional"
"prod_15d9f45dda95469f","Пенка для умывания `MIXIT` `LAB` WOW MOISTURE с мочевиной и гиалуроновой кислотой (экстраувляжняющая) 200 мл","podruzhka","2026-09-17 18:16:58.640",538,287,"provisional"
"prod_15d9f45dda95469f","Пенка для умывания `MIXIT` `LAB` WOW MOISTURE с мочевиной и гиалуроновой кислотой (экстраувляжняющая) 200 мл","podruzhka","2026-09-17 18:27:03.062",538,287,"provisional"
"prod_15d9f45dda95469f","Пенка для умывания `MIXIT` `LAB` WOW MOISTURE с мочевиной и гиалуроновой кислотой (экстраувляжняющая) 200 мл","podruzhka","2026-09-17 18:37:08.831",538,287,"provisional"
"prod_15d9f45dda95469f","Пенка для умывания `MIXIT` `LAB` WOW MOISTURE с мочевиной и гиалуроновой кислотой (экстраувляжняющая) 200 мл","podruzhka","2026-09-17 18:47:13.244",538,287,"provisional"
"prod_15d9f45dda95469f","Пенка для умывания `MIXIT` `LAB` WOW MOISTURE с мочевиной и гиалуроновой кислотой (экстраувляжняющая) 200 мл","podruzhka","2026-09-17 18:57:17.328",538,287,"provisional"
"prod_15d9f45dda95469f","Пенка для умывания `MIXIT` `LAB` WOW MOISTURE с мочевиной и гиалуроновой кислотой (экстраувляжняющая) 200 мл","podruzhka","2026-09-17 19:07:21.441",538,287,"provisional"
"prod_15d9f45dda95469f","Пенка для умывания `MIXIT` `LAB` WOW MOISTURE с мочевиной и гиалуроновой кислотой (экстраувляжняющая) 200 мл","podruzhka","2026-09-17 19:17:24.861",538,287,"provisional"
"prod_15d9f45dda95469f","Пенка для умывания `MIXIT` `LAB` WOW MOISTURE с мочевиной и гиалуроновой кислотой (экстраувляжняющая) 200 мл","podruzhka","2026-09-17 19:27:27.983",538,287,"provisional"
"prod_15d9f45dda95469f","Пенка для умывания `MIXIT` `LAB` WOW MOISTURE с мочевиной и гиалуроновой кислотой (экстраувляжняющая) 200 мл","podruzhka","2026-09-17 19:37:31.675",538,287,"provisional"
"prod_17100641c1eedf94","Чипсы Lays, в ассортименте, 225 г","magnit","2026-09-17 16:56:14.908",279.99,244.99,"provisional"
"prod_17100641c1eedf94","Чипсы Lays, в ассортименте, 225 г","magnit","2026-09-17 17:06:16.549",279.99,244.99,"provisional"
"prod_17100641c1eedf94","Чипсы Lays, в ассортименте, 225 г","magnit","2026-09-17 17:16:17.158",279.99,244.99,"provisional"
"prod_17100641c1eedf94","Чипсы Lays, в ассортименте, 225 г","magnit","2026-09-17 17:26:17.696",279.99,244.99,"provisional"
"prod_17100641c1eedf94","Чипсы Lays, в ассортименте, 225 г","magnit","2026-09-17 17:36:18.298",279.99,244.99,"provisional"
"prod_17100641c1eedf94","Чипсы Lays, в ассортименте, 225 г","magnit","2026-09-17 17:46:19.282",279.99,244.99,"provisional"
"prod_17100641c1eedf94","Чипсы Lays, в ассортименте, 225 г","magnit","2026-09-17 17:56:19.893",279.99,244.99,"provisional"
"prod_17100641c1eedf94","Чипсы Lays, в ассортименте, 225 г","magnit","2026-09-17 18:06:20.689",279.99,244.99,"provisional"
"prod_17100641c1eedf94","Чипсы Lays, в ассортименте, 225 г","magnit","2026-09-17 18:16:21.235",279.99,244.99,"provisional"
"prod_17100641c1eedf94","Чипсы Lays, в ассортименте, 225 г","magnit","2026-09-17 18:26:21.927",279.99,244.99,"provisional"
"prod_17100641c1eedf94","Чипсы Lays, в ассортименте, 225 г","magnit","2026-09-17 18:36:23.436",279.99,244.99,"provisional"
"prod_17100641c1eedf94","Чипсы Lays, в ассортименте, 225 г","magnit","2026-09-17 18:46:24.073",279.99,244.99,"provisional"
"prod_17100641c1eedf94","Чипсы Lays, в ассортименте, 225 г","magnit","2026-09-17 18:56:25.006",279.99,244.99,"provisional"
"prod_17100641c1eedf94","Чипсы Lays, в ассортименте, 225 г","magnit","2026-09-17 19:06:25.909",279.99,244.99,"provisional"
"prod_17100641c1eedf94","Чипсы Lays, в ассортименте, 225 г","magnit","2026-09-17 19:16:26.736",279.99,244.99,"provisional"
"prod_17100641c1eedf94","Чипсы Lays, в ассортименте, 225 г","magnit","2026-09-17 19:26:27.346",279.99,244.99,"provisional"
"prod_17100641c1eedf94","Чипсы Lays, в ассортименте, 225 г","magnit","2026-09-17 19:36:28.205",279.99,244.99,"provisional"
"prod_1a3ca9025ba79f64","Гель для душа SOKOLOV Black Pepper&Tonka , 400мл","lenta","2026-09-17 16:57:15.969",273.69,159.99,"provisional"
"prod_1a3ca9025ba79f64","Гель для душа SOKOLOV Black Pepper&Tonka , 400мл","lenta","2026-09-17 17:08:18.495",273.69,159.99,"provisional"
"prod_1a3ca9025ba79f64","Гель для душа SOKOLOV Black Pepper&Tonka , 400мл","lenta","2026-09-17 17:19:17.610",273.69,159.99,"provisional"
"prod_1a3ca9025ba79f64","Гель для душа SOKOLOV Black Pepper&Tonka , 400мл","lenta","2026-09-17 17:30:17.786",273.69,159.99,"provisional"
"prod_1a3ca9025ba79f64","Гель для душа SOKOLOV Black Pepper&Tonka , 400мл","lenta","2026-09-17 17:41:15.771",273.69,159.99,"provisional"
"prod_1a3ca9025ba79f64","Гель для душа SOKOLOV Black Pepper&Tonka , 400мл","lenta","2026-09-17 17:52:20.072",273.69,159.99,"provisional"
"prod_1a3ca9025ba79f64","Гель для душа SOKOLOV Black Pepper&Tonka , 400мл","lenta","2026-09-17 18:03:18.007",273.69,159.99,"provisional"
"prod_1a3ca9025ba79f64","Гель для душа SOKOLOV Black Pepper&Tonka , 400мл","lenta","2026-09-17 18:14:14.979",273.69,159.99,"provisional"
"prod_1a3ca9025ba79f64","Гель для душа SOKOLOV Black Pepper&Tonka , 400мл","lenta","2026-09-17 18:25:15.192",273.69,159.99,"provisional"
"prod_1a3ca9025ba79f64","Гель для душа SOKOLOV Black Pepper&Tonka , 400мл","lenta","2026-09-17 18:36:12.068",273.69,159.99,"provisional"
"prod_1a3ca9025ba79f64","Гель для душа SOKOLOV Black Pepper&Tonka , 400мл","lenta","2026-09-17 18:47:06.252",273.69,159.99,"provisional"
"prod_1a3ca9025ba79f64","Гель для душа SOKOLOV Black Pepper&Tonka , 400мл","lenta","2026-09-17 18:58:03.140",273.69,159.99,"provisional"
"prod_1a3ca9025ba79f64","Гель для душа SOKOLOV Black Pepper&Tonka , 400мл","lenta","2026-09-17 19:09:11.436",273.69,159.99,"provisional"
"prod_1a3ca9025ba79f64","Гель для душа SOKOLOV Black Pepper&Tonka , 400мл","lenta","2026-09-17 19:20:06.737",273.69,159.99,"provisional"
"prod_1a3ca9025ba79f64","Гель для душа SOKOLOV Black Pepper&Tonka , 400мл","lenta","2026-09-17 19:31:03.060",273.69,159.99,"provisional"
"prod_1ce85aaf7ae3a9d6","Обложка для автодокументов Staff полиуретан под кожу, Автодокументы, коричневая, 237598","mvideo","2026-09-17 16:56:15.980",580,277,"provisional"
"prod_1ce85aaf7ae3a9d6","Обложка для автодокументов Staff полиуретан под кожу, Автодокументы, коричневая, 237598","mvideo","2026-09-17 17:06:18.262",580,277,"provisional"
"prod_1ce85aaf7ae3a9d6","Обложка для автодокументов Staff полиуретан под кожу, Автодокументы, коричневая, 237598","mvideo","2026-09-17 17:16:19.893",580,277,"provisional"
"prod_1ce85aaf7ae3a9d6","Обложка для автодокументов Staff полиуретан под кожу, Автодокументы, коричневая, 237598","mvideo","2026-09-17 17:26:21.369",580,277,"provisional"
"prod_1ce85aaf7ae3a9d6","Обложка для автодокументов Staff полиуретан под кожу, Автодокументы, коричневая, 237598","mvideo","2026-09-17 17:36:22.877",580,277,"provisional"
"prod_1ce85aaf7ae3a9d6","Обложка для автодокументов Staff полиуретан под кожу, Автодокументы, коричневая, 237598","mvideo","2026-09-17 17:46:24.491",580,277,"provisional"
"prod_1ce85aaf7ae3a9d6","Обложка для автодокументов Staff полиуретан под кожу, Автодокументы, коричневая, 237598","mvideo","2026-09-17 17:56:26.061",580,277,"provisional"
"prod_1ce85aaf7ae3a9d6","Обложка для автодокументов Staff полиуретан под кожу, Автодокументы, коричневая, 237598","mvideo","2026-09-17 18:06:27.726",580,277,"provisional"
"prod_1ce85aaf7ae3a9d6","Обложка для автодокументов Staff полиуретан под кожу, Автодокументы, коричневая, 237598","mvideo","2026-09-17 18:16:29.190",580,277,"provisional"
"prod_1ce85aaf7ae3a9d6","Обложка для автодокументов Staff полиуретан под кожу, Автодокументы, коричневая, 237598","mvideo","2026-09-17 18:26:31.057",580,277,"provisional"
"prod_1ce85aaf7ae3a9d6","Обложка для автодокументов Staff полиуретан под кожу, Автодокументы, коричневая, 237598","mvideo","2026-09-17 18:36:32.726",580,277,"provisional"
"prod_1ce85aaf7ae3a9d6","Обложка для автодокументов Staff полиуретан под кожу, Автодокументы, коричневая, 237598","mvideo","2026-09-17 18:46:34.378",580,277,"provisional"
"prod_1ce85aaf7ae3a9d6","Обложка для автодокументов Staff полиуретан под кожу, Автодокументы, коричневая, 237598","mvideo","2026-09-17 18:56:36.055",580,277,"provisional"
"prod_1ce85aaf7ae3a9d6","Обложка для автодокументов Staff полиуретан под кожу, Автодокументы, коричневая, 237598","mvideo","2026-09-17 19:06:37.929",580,277,"provisional"
"prod_1ce85aaf7ae3a9d6","Обложка для автодокументов Staff полиуретан под кожу, Автодокументы, коричневая, 237598","mvideo","2026-09-17 19:16:39.805",580,277,"provisional"
"prod_1ce85aaf7ae3a9d6","Обложка для автодокументов Staff полиуретан под кожу, Автодокументы, коричневая, 237598","mvideo","2026-09-17 19:26:41.232",580,277,"provisional"
"prod_1ce85aaf7ae3a9d6","Обложка для автодокументов Staff полиуретан под кожу, Автодокументы, коричневая, 237598","mvideo","2026-09-17 19:36:42.975",580,277,"provisional"
"prod_1d885b0e2585992d","Карите Набор Маленькие радости","iledebeaute","2026-09-17 16:56:39.610",2844,1706,"provisional"
"prod_1d885b0e2585992d","Карите Набор Маленькие радости","iledebeaute","2026-09-17 17:07:29.762",2844,1706,"provisional"
"prod_1d885b0e2585992d","Карите Набор Маленькие радости","iledebeaute","2026-09-17 17:18:20.326",2844,1706,"provisional"
"prod_1d885b0e2585992d","Карите Набор Маленькие радости","iledebeaute","2026-09-17 17:29:08.595",2844,1706,"provisional"
"prod_1d885b0e2585992d","Карите Набор Маленькие радости","iledebeaute","2026-09-17 17:39:57.991",2844,1706,"provisional"
"prod_1d885b0e2585992d","Карите Набор Маленькие радости","iledebeaute","2026-09-17 17:50:47.025",2844,1706,"provisional"
"prod_1d885b0e2585992d","Карите Набор Маленькие радости","iledebeaute","2026-09-17 18:01:36.472",2844,1706,"provisional"
"prod_1d885b0e2585992d","Карите Набор Маленькие радости","iledebeaute","2026-09-17 18:12:24.708",2844,1706,"provisional"
"prod_1d885b0e2585992d","Карите Набор Маленькие радости","iledebeaute","2026-09-17 18:23:13.503",2844,1706,"provisional"
"prod_1d885b0e2585992d","Карите Набор Маленькие радости","iledebeaute","2026-09-17 18:34:02.753",2844,1706,"provisional"
"prod_1d885b0e2585992d","Карите Набор Маленькие радости","iledebeaute","2026-09-17 18:44:51.266",2844,1706,"provisional"
"prod_1d885b0e2585992d","Карите Набор Маленькие радости","iledebeaute","2026-09-17 18:55:40.171",2844,1706,"provisional"
"prod_1d885b0e2585992d","Карите Набор Маленькие радости","iledebeaute","2026-09-17 19:06:29.810",2844,1706,"provisional"
"prod_1d885b0e2585992d","Карите Набор Маленькие радости","iledebeaute","2026-09-17 19:17:17.897",2844,1706,"provisional"
"prod_1d885b0e2585992d","Карите Набор Маленькие радости","iledebeaute","2026-09-17 19:28:08.194",2844,1706,"provisional"
"prod_1d885b0e2585992d","Карите Набор Маленькие радости","iledebeaute","2026-09-17 19:38:57.378",2844,1706,"provisional"
"prod_203c8a6b8f2a2852","Килт банный для мужчин Everliness Килт махровый мужской с вышивкой","mvideo","2026-09-17 16:56:15.979",2500,1707,"provisional"
"prod_203c8a6b8f2a2852","Килт банный для мужчин Everliness Килт махровый мужской с вышивкой","mvideo","2026-09-17 17:06:18.260",2500,1707,"provisional"
"prod_203c8a6b8f2a2852","Килт банный для мужчин Everliness Килт махровый мужской с вышивкой","mvideo","2026-09-17 17:16:19.892",2500,1707,"provisional"
"prod_203c8a6b8f2a2852","Килт банный для мужчин Everliness Килт махровый мужской с вышивкой","mvideo","2026-09-17 17:26:21.368",2500,1707,"provisional"
"prod_203c8a6b8f2a2852","Килт банный для мужчин Everliness Килт махровый мужской с вышивкой","mvideo","2026-09-17 17:36:22.877",2500,1707,"provisional"
"prod_203c8a6b8f2a2852","Килт банный для мужчин Everliness Килт махровый мужской с вышивкой","mvideo","2026-09-17 17:46:24.490",2500,1707,"provisional"
"prod_203c8a6b8f2a2852","Килт банный для мужчин Everliness Килт махровый мужской с вышивкой","mvideo","2026-09-17 17:56:26.060",2500,1707,"provisional"
"prod_203c8a6b8f2a2852","Килт банный для мужчин Everliness Килт махровый мужской с вышивкой","mvideo","2026-09-17 18:06:27.725",2500,1707,"provisional"
"prod_203c8a6b8f2a2852","Килт банный для мужчин Everliness Килт махровый мужской с вышивкой","mvideo","2026-09-17 18:16:29.189",2500,1707,"provisional"
"prod_203c8a6b8f2a2852","Килт банный для мужчин Everliness Килт махровый мужской с вышивкой","mvideo","2026-09-17 18:26:31.056",2500,1707,"provisional"
"prod_203c8a6b8f2a2852","Килт банный для мужчин Everliness Килт махровый мужской с вышивкой","mvideo","2026-09-17 18:36:32.725",2500,1707,"provisional"
"prod_203c8a6b8f2a2852","Килт банный для мужчин Everliness Килт махровый мужской с вышивкой","mvideo","2026-09-17 18:46:34.376",2500,1707,"provisional"
"prod_203c8a6b8f2a2852","Килт банный для мужчин Everliness Килт махровый мужской с вышивкой","mvideo","2026-09-17 18:56:36.054",2500,1707,"provisional"
"prod_203c8a6b8f2a2852","Килт банный для мужчин Everliness Килт махровый мужской с вышивкой","mvideo","2026-09-17 19:06:37.928",2500,1707,"provisional"
"prod_203c8a6b8f2a2852","Килт банный для мужчин Everliness Килт махровый мужской с вышивкой","mvideo","2026-09-17 19:16:39.803",2500,1707,"provisional"
"prod_203c8a6b8f2a2852","Килт банный для мужчин Everliness Килт махровый мужской с вышивкой","mvideo","2026-09-17 19:26:41.231",2500,1707,"provisional"
"prod_203c8a6b8f2a2852","Килт банный для мужчин Everliness Килт махровый мужской с вышивкой","mvideo","2026-09-17 19:36:42.974",2500,1707,"provisional"
"prod_206d158aa149d5f8","Тонер-пэды для лица `DR. ALTHEA` ANASTATICA SKIN CONDITIONING PAD увлажняющие с экстрактом иерихонской розы 65 шт","podruzhka","2026-09-17 16:56:15.892",3152,2679,"provisional"
"prod_206d158aa149d5f8","Тонер-пэды для лица `DR. ALTHEA` ANASTATICA SKIN CONDITIONING PAD увлажняющие с экстрактом иерихонской розы 65 шт","podruzhka","2026-09-17 17:06:21.005",3152,2679,"provisional"
"prod_206d158aa149d5f8","Тонер-пэды для лица `DR. ALTHEA` ANASTATICA SKIN CONDITIONING PAD увлажняющие с экстрактом иерихонской розы 65 шт","podruzhka","2026-09-17 17:16:25.111",3152,2679,"provisional"
"prod_206d158aa149d5f8","Тонер-пэды для лица `DR. ALTHEA` ANASTATICA SKIN CONDITIONING PAD увлажняющие с экстрактом иерихонской розы 65 шт","podruzhka","2026-09-17 17:26:29.152",3152,2679,"provisional"
"prod_206d158aa149d5f8","Тонер-пэды для лица `DR. ALTHEA` ANASTATICA SKIN CONDITIONING PAD увлажняющие с экстрактом иерихонской розы 65 шт","podruzhka","2026-09-17 17:36:33.938",3152,2679,"provisional"
"prod_206d158aa149d5f8","Тонер-пэды для лица `DR. ALTHEA` ANASTATICA SKIN CONDITIONING PAD увлажняющие с экстрактом иерихонской розы 65 шт","podruzhka","2026-09-17 17:46:37.997",3152,2679,"provisional"
"prod_206d158aa149d5f8","Тонер-пэды для лица `DR. ALTHEA` ANASTATICA SKIN CONDITIONING PAD увлажняющие с экстрактом иерихонской розы 65 шт","podruzhka","2026-09-17 17:56:44.562",3152,2679,"provisional"
"prod_206d158aa149d5f8","Тонер-пэды для лица `DR. ALTHEA` ANASTATICA SKIN CONDITIONING PAD увлажняющие с экстрактом иерихонской розы 65 шт","podruzhka","2026-09-17 18:06:49.601",3152,2679,"provisional"
"prod_206d158aa149d5f8","Тонер-пэды для лица `DR. ALTHEA` ANASTATICA SKIN CONDITIONING PAD увлажняющие с экстрактом иерихонской розы 65 шт","podruzhka","2026-09-17 18:16:53.642",3152,2679,"provisional"
"prod_206d158aa149d5f8","Тонер-пэды для лица `DR. ALTHEA` ANASTATICA SKIN CONDITIONING PAD увлажняющие с экстрактом иерихонской розы 65 шт","podruzhka","2026-09-17 18:26:59.939",3152,2679,"provisional"
"prod_206d158aa149d5f8","Тонер-пэды для лица `DR. ALTHEA` ANASTATICA SKIN CONDITIONING PAD увлажняющие с экстрактом иерихонской розы 65 шт","podruzhka","2026-09-17 18:37:06.006",3152,2679,"provisional"
"prod_206d158aa149d5f8","Тонер-пэды для лица `DR. ALTHEA` ANASTATICA SKIN CONDITIONING PAD увлажняющие с экстрактом иерихонской розы 65 шт","podruzhka","2026-09-17 18:47:10.588",3152,2679,"provisional"
"prod_206d158aa149d5f8","Тонер-пэды для лица `DR. ALTHEA` ANASTATICA SKIN CONDITIONING PAD увлажняющие с экстрактом иерихонской розы 65 шт","podruzhka","2026-09-17 18:57:14.507",3152,2679,"provisional"
"prod_206d158aa149d5f8","Тонер-пэды для лица `DR. ALTHEA` ANASTATICA SKIN CONDITIONING PAD увлажняющие с экстрактом иерихонской розы 65 шт","podruzhka","2026-09-17 19:07:18.711",3152,2679,"provisional"
"prod_206d158aa149d5f8","Тонер-пэды для лица `DR. ALTHEA` ANASTATICA SKIN CONDITIONING PAD увлажняющие с экстрактом иерихонской розы 65 шт","podruzhka","2026-09-17 19:17:22.709",3152,2679,"provisional"
"prod_206d158aa149d5f8","Тонер-пэды для лица `DR. ALTHEA` ANASTATICA SKIN CONDITIONING PAD увлажняющие с экстрактом иерихонской розы 65 шт","podruzhka","2026-09-17 19:27:25.511",3152,2679,"provisional"
"prod_206d158aa149d5f8","Тонер-пэды для лица `DR. ALTHEA` ANASTATICA SKIN CONDITIONING PAD увлажняющие с экстрактом иерихонской розы 65 шт","podruzhka","2026-09-17 19:37:28.682",3152,2679,"provisional"
"prod_27ddb5693e7ad6b5","Паштет шпротный , 160г","lenta","2026-09-17 16:56:23.327",45.29,42.99,"provisional"
"prod_27ddb5693e7ad6b5","Паштет шпротный , 160г","lenta","2026-09-17 17:07:24.384",45.29,42.99,"provisional"
"prod_27ddb5693e7ad6b5","Паштет шпротный , 160г","lenta","2026-09-17 17:18:26.085",45.29,42.99,"provisional"
"prod_27ddb5693e7ad6b5","Паштет шпротный , 160г","lenta","2026-09-17 17:29:27.433",45.29,42.99,"provisional"
"prod_27ddb5693e7ad6b5","Паштет шпротный , 160г","lenta","2026-09-17 17:40:26.020",45.29,42.99,"provisional"
"prod_27ddb5693e7ad6b5","Паштет шпротный , 160г","lenta","2026-09-17 17:51:28.682",45.29,42.99,"provisional"
"prod_27ddb5693e7ad6b5","Паштет шпротный , 160г","lenta","2026-09-17 18:02:28.329",45.29,42.99,"provisional"
"prod_27ddb5693e7ad6b5","Паштет шпротный , 160г","lenta","2026-09-17 18:13:26.397",45.29,42.99,"provisional"
"prod_27ddb5693e7ad6b5","Паштет шпротный , 160г","lenta","2026-09-17 18:24:23.749",45.29,42.99,"provisional"
"prod_27ddb5693e7ad6b5","Паштет шпротный , 160г","lenta","2026-09-17 18:35:23.723",45.29,42.99,"provisional"
"prod_27ddb5693e7ad6b5","Паштет шпротный , 160г","lenta","2026-09-17 18:46:20.378",45.29,42.99,"provisional"
"prod_27ddb5693e7ad6b5","Паштет шпротный , 160г","lenta","2026-09-17 18:57:15.036",45.29,42.99,"provisional"
"prod_27ddb5693e7ad6b5","Паштет шпротный , 160г","lenta","2026-09-17 19:08:12.752",45.29,42.99,"provisional"
"prod_27ddb5693e7ad6b5","Паштет шпротный , 160г","lenta","2026-09-17 19:19:19.854",45.29,42.99,"provisional"
"prod_27ddb5693e7ad6b5","Паштет шпротный , 160г","lenta","2026-09-17 19:30:15.763",45.29,42.99,"provisional"
"prod_28af3758572fbd36","Скраб для тела Synergetic Эластичность и сияние кожи, сандал и ягоды можжевельника, 300 мл","magnit","2026-09-17 16:56:14.916",499.99,387.99,"provisional"
"prod_28af3758572fbd36","Скраб для тела Synergetic Эластичность и сияние кожи, сандал и ягоды можжевельника, 300 мл","magnit","2026-09-17 17:06:16.556",499.99,387.99,"provisional"
"prod_28af3758572fbd36","Скраб для тела Synergetic Эластичность и сияние кожи, сандал и ягоды можжевельника, 300 мл","magnit","2026-09-17 17:16:17.162",499.99,387.99,"provisional"
"prod_28af3758572fbd36","Скраб для тела Synergetic Эластичность и сияние кожи, сандал и ягоды можжевельника, 300 мл","magnit","2026-09-17 17:26:17.700",499.99,387.99,"provisional"
"prod_28af3758572fbd36","Скраб для тела Synergetic Эластичность и сияние кожи, сандал и ягоды можжевельника, 300 мл","magnit","2026-09-17 17:36:18.302",499.99,387.99,"provisional"
"prod_28af3758572fbd36","Скраб для тела Synergetic Эластичность и сияние кожи, сандал и ягоды можжевельника, 300 мл","magnit","2026-09-17 17:46:19.286",499.99,387.99,"provisional"
"prod_28af3758572fbd36","Скраб для тела Synergetic Эластичность и сияние кожи, сандал и ягоды можжевельника, 300 мл","magnit","2026-09-17 17:56:19.896",499.99,387.99,"provisional"
"prod_28af3758572fbd36","Скраб для тела Synergetic Эластичность и сияние кожи, сандал и ягоды можжевельника, 300 мл","magnit","2026-09-17 18:06:20.694",499.99,387.99,"provisional"
"prod_28af3758572fbd36","Скраб для тела Synergetic Эластичность и сияние кожи, сандал и ягоды можжевельника, 300 мл","magnit","2026-09-17 18:16:21.241",499.99,387.99,"provisional"
"prod_28af3758572fbd36","Скраб для тела Synergetic Эластичность и сияние кожи, сандал и ягоды можжевельника, 300 мл","magnit","2026-09-17 18:26:21.939",499.99,387.99,"provisional"
"prod_28af3758572fbd36","Скраб для тела Synergetic Эластичность и сияние кожи, сандал и ягоды можжевельника, 300 мл","magnit","2026-09-17 18:36:23.439",499.99,387.99,"provisional"
"prod_28af3758572fbd36","Скраб для тела Synergetic Эластичность и сияние кожи, сандал и ягоды можжевельника, 300 мл","magnit","2026-09-17 18:46:24.076",499.99,387.99,"provisional"
"prod_28af3758572fbd36","Скраб для тела Synergetic Эластичность и сияние кожи, сандал и ягоды можжевельника, 300 мл","magnit","2026-09-17 18:56:25.010",499.99,387.99,"provisional"
"prod_28af3758572fbd36","Скраб для тела Synergetic Эластичность и сияние кожи, сандал и ягоды можжевельника, 300 мл","magnit","2026-09-17 19:06:25.914",499.99,387.99,"provisional"
"prod_28af3758572fbd36","Скраб для тела Synergetic Эластичность и сияние кожи, сандал и ягоды можжевельника, 300 мл","magnit","2026-09-17 19:16:26.741",499.99,387.99,"provisional"
"prod_28af3758572fbd36","Скраб для тела Synergetic Эластичность и сияние кожи, сандал и ягоды можжевельника, 300 мл","magnit","2026-09-17 19:26:27.351",499.99,387.99,"provisional"
"prod_28af3758572fbd36","Скраб для тела Synergetic Эластичность и сияние кожи, сандал и ягоды можжевельника, 300 мл","magnit","2026-09-17 19:36:28.211",499.99,387.99,"provisional"
"prod_292c0faabb283463","Sumptuous Extreme Mascara Тушь для ресниц","iledebeaute","2026-09-17 16:56:32.479",5300,3180,"provisional"
"prod_292c0faabb283463","Sumptuous Extreme Mascara Тушь для ресниц","iledebeaute","2026-09-17 17:07:22.352",5300,3180,"provisional"
"prod_292c0faabb283463","Sumptuous Extreme Mascara Тушь для ресниц","iledebeaute","2026-09-17 17:18:13.177",5300,3180,"provisional"
"prod_292c0faabb283463","Sumptuous Extreme Mascara Тушь для ресниц","iledebeaute","2026-09-17 17:29:01.510",5300,3180,"provisional"
"prod_292c0faabb283463","Sumptuous Extreme Mascara Тушь для ресниц","iledebeaute","2026-09-17 17:39:50.589",5300,3180,"provisional"
"prod_292c0faabb283463","Sumptuous Extreme Mascara Тушь для ресниц","iledebeaute","2026-09-17 17:50:39.867",5300,3180,"provisional"
"prod_292c0faabb283463","Sumptuous Extreme Mascara Тушь для ресниц","iledebeaute","2026-09-17 18:01:29.410",5300,3180,"provisional"
"prod_292c0faabb283463","Sumptuous Extreme Mascara Тушь для ресниц","iledebeaute","2026-09-17 18:12:17.558",5300,3180,"provisional"
"prod_292c0faabb283463","Sumptuous Extreme Mascara Тушь для ресниц","iledebeaute","2026-09-17 18:23:06.310",5300,3180,"provisional"
"prod_292c0faabb283463","Sumptuous Extreme Mascara Тушь для ресниц","iledebeaute","2026-09-17 18:33:55.392",5300,3180,"provisional"
"prod_292c0faabb283463","Sumptuous Extreme Mascara Тушь для ресниц","iledebeaute","2026-09-17 18:44:44.260",5300,3180,"provisional"
"prod_292c0faabb283463","Sumptuous Extreme Mascara Тушь для ресниц","iledebeaute","2026-09-17 18:55:32.880",5300,3180,"provisional"
"prod_292c0faabb283463","Sumptuous Extreme Mascara Тушь для ресниц","iledebeaute","2026-09-17 19:06:21.805",5300,3180,"provisional"
"prod_292c0faabb283463","Sumptuous Extreme Mascara Тушь для ресниц","iledebeaute","2026-09-17 19:17:10.815",5300,3180,"provisional"
"prod_292c0faabb283463","Sumptuous Extreme Mascara Тушь для ресниц","iledebeaute","2026-09-17 19:28:00.949",5300,3180,"provisional"
"prod_292c0faabb283463","Sumptuous Extreme Mascara Тушь для ресниц","iledebeaute","2026-09-17 19:38:50.192",5300,3180,"provisional"
"prod_2d3521aac6d1ac49","GOLDEN EYESHADOW PALETTE Палетка теней","iledebeaute","2026-09-17 16:56:27.697",11210,7847,"provisional"
"prod_2d3521aac6d1ac49","GOLDEN EYESHADOW PALETTE Палетка теней","iledebeaute","2026-09-17 17:07:17.335",11210,7847,"provisional"
"prod_2d3521aac6d1ac49","GOLDEN EYESHADOW PALETTE Палетка теней","iledebeaute","2026-09-17 17:18:08.471",11210,7847,"provisional"
"prod_2d3521aac6d1ac49","GOLDEN EYESHADOW PALETTE Палетка теней","iledebeaute","2026-09-17 17:28:56.828",11210,7847,"provisional"
"prod_2d3521aac6d1ac49","GOLDEN EYESHADOW PALETTE Палетка теней","iledebeaute","2026-09-17 17:39:45.721",11210,7847,"provisional"
"prod_2d3521aac6d1ac49","GOLDEN EYESHADOW PALETTE Палетка теней","iledebeaute","2026-09-17 17:50:35.048",11210,7847,"provisional"
"prod_2d3521aac6d1ac49","GOLDEN EYESHADOW PALETTE Палетка теней","iledebeaute","2026-09-17 18:01:24.618",11210,7847,"provisional"
"prod_2d3521aac6d1ac49","GOLDEN EYESHADOW PALETTE Палетка теней","iledebeaute","2026-09-17 18:12:12.812",11210,7847,"provisional"
"prod_2d3521aac6d1ac49","GOLDEN EYESHADOW PALETTE Палетка теней","iledebeaute","2026-09-17 18:23:01.422",11210,7847,"provisional"
"prod_2d3521aac6d1ac49","GOLDEN EYESHADOW PALETTE Палетка теней","iledebeaute","2026-09-17 18:33:50.515",11210,7847,"provisional"
"prod_2d3521aac6d1ac49","GOLDEN EYESHADOW PALETTE Палетка теней","iledebeaute","2026-09-17 18:44:39.508",11210,7847,"provisional"
"prod_2d3521aac6d1ac49","GOLDEN EYESHADOW PALETTE Палетка теней","iledebeaute","2026-09-17 18:55:28.014",11210,7847,"provisional"
"prod_2d3521aac6d1ac49","GOLDEN EYESHADOW PALETTE Палетка теней","iledebeaute","2026-09-17 19:06:17.107",11210,7847,"provisional"
"prod_2d3521aac6d1ac49","GOLDEN EYESHADOW PALETTE Палетка теней","iledebeaute","2026-09-17 19:17:05.999",11210,7847,"provisional"
"prod_2d3521aac6d1ac49","GOLDEN EYESHADOW PALETTE Палетка теней","iledebeaute","2026-09-17 19:27:56.020",11210,7847,"provisional"
"prod_2d3521aac6d1ac49","GOLDEN EYESHADOW PALETTE Палетка теней","iledebeaute","2026-09-17 19:38:45.432",11210,7847,"provisional"
"prod_2eca1dfabfaa0852","Пудра для лица `MIXIT` MINERAL POWDER фиксирующая минеральная","podruzhka","2026-09-17 16:56:18.527",978,451,"provisional"
"prod_2eca1dfabfaa0852","Пудра для лица `MIXIT` MINERAL POWDER фиксирующая минеральная","podruzhka","2026-09-17 17:06:23.988",978,451,"provisional"
"prod_2eca1dfabfaa0852","Пудра для лица `MIXIT` MINERAL POWDER фиксирующая минеральная","podruzhka","2026-09-17 17:16:27.846",978,451,"provisional"
"prod_2eca1dfabfaa0852","Пудра для лица `MIXIT` MINERAL POWDER фиксирующая минеральная","podruzhka","2026-09-17 17:26:32.048",978,451,"provisional"
"prod_2eca1dfabfaa0852","Пудра для лица `MIXIT` MINERAL POWDER фиксирующая минеральная","podruzhka","2026-09-17 17:36:36.729",978,451,"provisional"
"prod_2eca1dfabfaa0852","Пудра для лица `MIXIT` MINERAL POWDER фиксирующая минеральная","podruzhka","2026-09-17 17:46:41.429",978,451,"provisional"
"prod_2eca1dfabfaa0852","Пудра для лица `MIXIT` MINERAL POWDER фиксирующая минеральная","podruzhka","2026-09-17 17:56:47.458",978,451,"provisional"
"prod_2eca1dfabfaa0852","Пудра для лица `MIXIT` MINERAL POWDER фиксирующая минеральная","podruzhka","2026-09-17 18:06:52.477",978,451,"provisional"
"prod_2eca1dfabfaa0852","Пудра для лица `MIXIT` MINERAL POWDER фиксирующая минеральная","podruzhka","2026-09-17 18:16:58.640",978,451,"provisional"
"prod_2eca1dfabfaa0852","Пудра для лица `MIXIT` MINERAL POWDER фиксирующая минеральная","podruzhka","2026-09-17 18:27:03.061",978,451,"provisional"
"prod_2eca1dfabfaa0852","Пудра для лица `MIXIT` MINERAL POWDER фиксирующая минеральная","podruzhka","2026-09-17 18:37:08.830",978,451,"provisional"
"prod_2eca1dfabfaa0852","Пудра для лица `MIXIT` MINERAL POWDER фиксирующая минеральная","podruzhka","2026-09-17 18:47:13.244",978,451,"provisional"
"prod_2eca1dfabfaa0852","Пудра для лица `MIXIT` MINERAL POWDER фиксирующая минеральная","podruzhka","2026-09-17 18:57:17.328",978,451,"provisional"
"prod_2eca1dfabfaa0852","Пудра для лица `MIXIT` MINERAL POWDER фиксирующая минеральная","podruzhka","2026-09-17 19:07:21.441",978,451,"provisional"
"prod_2eca1dfabfaa0852","Пудра для лица `MIXIT` MINERAL POWDER фиксирующая минеральная","podruzhka","2026-09-17 19:17:24.861",978,451,"provisional"
"prod_2eca1dfabfaa0852","Пудра для лица `MIXIT` MINERAL POWDER фиксирующая минеральная","podruzhka","2026-09-17 19:27:27.983",978,451,"provisional"
"prod_2eca1dfabfaa0852","Пудра для лица `MIXIT` MINERAL POWDER фиксирующая минеральная","podruzhka","2026-09-17 19:37:31.674",978,451,"provisional"
"prod_2fc96355426d7093","Салат Филадельфия с филе‑кусочками форели радужной слабосоленой РЕСТО ШИК , 180г","lenta","2026-09-17 16:56:55.217",136.89,129.99,"provisional"
"prod_2fc96355426d7093","Салат Филадельфия с филе‑кусочками форели радужной слабосоленой РЕСТО ШИК , 180г","lenta","2026-09-17 17:07:56.787",136.89,129.99,"provisional"
"prod_2fc96355426d7093","Салат Филадельфия с филе‑кусочками форели радужной слабосоленой РЕСТО ШИК , 180г","lenta","2026-09-17 17:18:58.440",136.89,129.99,"provisional"
"prod_2fc96355426d7093","Салат Филадельфия с филе‑кусочками форели радужной слабосоленой РЕСТО ШИК , 180г","lenta","2026-09-17 17:29:57.435",136.89,129.99,"provisional"
"prod_2fc96355426d7093","Салат Филадельфия с филе‑кусочками форели радужной слабосоленой РЕСТО ШИК , 180г","lenta","2026-09-17 17:40:56.790",136.89,129.99,"provisional"
"prod_2fc96355426d7093","Салат Филадельфия с филе‑кусочками форели радужной слабосоленой РЕСТО ШИК , 180г","lenta","2026-09-17 17:51:59.151",136.89,129.99,"provisional"
"prod_2fc96355426d7093","Салат Филадельфия с филе‑кусочками форели радужной слабосоленой РЕСТО ШИК , 180г","lenta","2026-09-17 18:02:58.612",136.89,129.99,"provisional"
"prod_2fc96355426d7093","Салат Филадельфия с филе‑кусочками форели радужной слабосоленой РЕСТО ШИК , 180г","lenta","2026-09-17 18:13:56.319",136.89,129.99,"provisional"
"prod_2fc96355426d7093","Салат Филадельфия с филе‑кусочками форели радужной слабосоленой РЕСТО ШИК , 180г","lenta","2026-09-17 18:24:54.559",136.89,129.99,"provisional"
"prod_2fc96355426d7093","Салат Филадельфия с филе‑кусочками форели радужной слабосоленой РЕСТО ШИК , 180г","lenta","2026-09-17 18:35:53.837",136.89,129.99,"provisional"
"prod_2fc96355426d7093","Салат Филадельфия с филе‑кусочками форели радужной слабосоленой РЕСТО ШИК , 180г","lenta","2026-09-17 18:46:48.956",136.89,129.99,"provisional"
"prod_2fc96355426d7093","Салат Филадельфия с филе‑кусочками форели радужной слабосоленой РЕСТО ШИК , 180г","lenta","2026-09-17 18:57:44.968",136.89,129.99,"provisional"
"prod_2fc96355426d7093","Салат Филадельфия с филе‑кусочками форели радужной слабосоленой РЕСТО ШИК , 180г","lenta","2026-09-17 19:08:40.905",136.89,129.99,"provisional"
"prod_2fc96355426d7093","Салат Филадельфия с филе‑кусочками форели радужной слабосоленой РЕСТО ШИК , 180г","lenta","2026-09-17 19:19:48.908",136.89,129.99,"provisional"
"prod_2fc96355426d7093","Салат Филадельфия с филе‑кусочками форели радужной слабосоленой РЕСТО ШИК , 180г","lenta","2026-09-17 19:30:45.679",136.89,129.99,"provisional"
"prod_33074871efec343b","NUDE MINI Палетка теней","iledebeaute","2026-09-17 16:56:34.873",4370,2185,"provisional"
"prod_33074871efec343b","NUDE MINI Палетка теней","iledebeaute","2026-09-17 17:07:24.810",4370,2185,"provisional"
"prod_33074871efec343b","NUDE MINI Палетка теней","iledebeaute","2026-09-17 17:18:15.621",4370,2185,"provisional"
"prod_33074871efec343b","NUDE MINI Палетка теней","iledebeaute","2026-09-17 17:29:03.858",4370,2185,"provisional"
"prod_33074871efec343b","NUDE MINI Палетка теней","iledebeaute","2026-09-17 17:39:53.007",4370,2185,"provisional"
"prod_33074871efec343b","NUDE MINI Палетка теней","iledebeaute","2026-09-17 17:50:42.215",4370,2185,"provisional"
"prod_33074871efec343b","NUDE MINI Палетка теней","iledebeaute","2026-09-17 18:01:31.708",4370,2185,"provisional"
"prod_33074871efec343b","NUDE MINI Палетка теней","iledebeaute","2026-09-17 18:12:19.945",4370,2185,"provisional"
"prod_33074871efec343b","NUDE MINI Палетка теней","iledebeaute","2026-09-17 18:23:08.690",4370,2185,"provisional"
"prod_33074871efec343b","NUDE MINI Палетка теней","iledebeaute","2026-09-17 18:33:57.883",4370,2185,"provisional"
"prod_33074871efec343b","NUDE MINI Палетка теней","iledebeaute","2026-09-17 18:44:46.605",4370,2185,"provisional"
"prod_33074871efec343b","NUDE MINI Палетка теней","iledebeaute","2026-09-17 18:55:35.281",4370,2185,"provisional"
"prod_33074871efec343b","NUDE MINI Палетка теней","iledebeaute","2026-09-17 19:06:24.296",4370,2185,"provisional"
"prod_33074871efec343b","NUDE MINI Палетка теней","iledebeaute","2026-09-17 19:17:13.196",4370,2185,"provisional"
"prod_33074871efec343b","NUDE MINI Палетка теней","iledebeaute","2026-09-17 19:28:03.313",4370,2185,"provisional"
"prod_33074871efec343b","NUDE MINI Палетка теней","iledebeaute","2026-09-17 19:38:52.574",4370,2185,"provisional"
"prod_350ba040c014fdf1","Стиральная машина Gressel UWC301 белый","holodilnik","2026-09-17 16:56:15.166",33999,22299,"provisional"
"prod_350ba040c014fdf1","Стиральная машина Gressel UWC301 белый","holodilnik","2026-09-17 17:06:16.585",33999,22299,"provisional"
"prod_350ba040c014fdf1","Стиральная машина Gressel UWC301 белый","holodilnik","2026-09-17 17:16:17.435",33999,22299,"provisional"
"prod_350ba040c014fdf1","Стиральная машина Gressel UWC301 белый","holodilnik","2026-09-17 17:26:18.319",33999,22299,"provisional"
"prod_350ba040c014fdf1","Стиральная машина Gressel UWC301 белый","holodilnik","2026-09-17 17:36:18.939",33999,22299,"provisional"
"prod_350ba040c014fdf1","Стиральная машина Gressel UWC301 белый","holodilnik","2026-09-17 17:46:19.544",33999,22299,"provisional"
"prod_350ba040c014fdf1","Стиральная машина Gressel UWC301 белый","holodilnik","2026-09-17 17:56:20.197",33999,22299,"provisional"
"prod_350ba040c014fdf1","Стиральная машина Gressel UWC301 белый","holodilnik","2026-09-17 18:06:20.829",33999,22299,"provisional"
"prod_350ba040c014fdf1","Стиральная машина Gressel UWC301 белый","holodilnik","2026-09-17 18:16:21.523",33999,22299,"provisional"
"prod_350ba040c014fdf1","Стиральная машина Gressel UWC301 белый","holodilnik","2026-09-17 18:26:22.202",33999,22299,"provisional"
"prod_350ba040c014fdf1","Стиральная машина Gressel UWC301 белый","holodilnik","2026-09-17 18:36:23.759",33999,22299,"provisional"
"prod_350ba040c014fdf1","Стиральная машина Gressel UWC301 белый","holodilnik","2026-09-17 18:46:24.364",33999,22299,"provisional"
"prod_350ba040c014fdf1","Стиральная машина Gressel UWC301 белый","holodilnik","2026-09-17 18:56:25.065",33999,22299,"provisional"
"prod_350ba040c014fdf1","Стиральная машина Gressel UWC301 белый","holodilnik","2026-09-17 19:06:25.714",33999,22299,"provisional"
"prod_350ba040c014fdf1","Стиральная машина Gressel UWC301 белый","holodilnik","2026-09-17 19:16:26.492",33999,22299,"provisional"
"prod_350ba040c014fdf1","Стиральная машина Gressel UWC301 белый","holodilnik","2026-09-17 19:26:27.045",33999,22299,"provisional"
"prod_350ba040c014fdf1","Стиральная машина Gressel UWC301 белый","holodilnik","2026-09-17 19:36:27.844",33999,22299,"provisional"
"prod_37c024a322f359f8","Сыворотка для кожи вокруг глаз `AXIS-Y` с гиалуроновой кислотой и комплексом пептидов 10 мл","podruzhka","2026-09-17 16:56:15.891",2745,1177,"provisional"
"prod_37c024a322f359f8","Сыворотка для кожи вокруг глаз `AXIS-Y` с гиалуроновой кислотой и комплексом пептидов 10 мл","podruzhka","2026-09-17 17:06:21.004",2745,1177,"provisional"
"prod_37c024a322f359f8","Сыворотка для кожи вокруг глаз `AXIS-Y` с гиалуроновой кислотой и комплексом пептидов 10 мл","podruzhka","2026-09-17 17:16:25.109",2745,1177,"provisional"
"prod_37c024a322f359f8","Сыворотка для кожи вокруг глаз `AXIS-Y` с гиалуроновой кислотой и комплексом пептидов 10 мл","podruzhka","2026-09-17 17:26:29.151",2745,1177,"provisional"
"prod_37c024a322f359f8","Сыворотка для кожи вокруг глаз `AXIS-Y` с гиалуроновой кислотой и комплексом пептидов 10 мл","podruzhka","2026-09-17 17:36:33.937",2745,1177,"provisional"
"prod_37c024a322f359f8","Сыворотка для кожи вокруг глаз `AXIS-Y` с гиалуроновой кислотой и комплексом пептидов 10 мл","podruzhka","2026-09-17 17:46:37.996",2745,1177,"provisional"
"prod_37c024a322f359f8","Сыворотка для кожи вокруг глаз `AXIS-Y` с гиалуроновой кислотой и комплексом пептидов 10 мл","podruzhka","2026-09-17 17:56:44.560",2745,1177,"provisional"
"prod_37c024a322f359f8","Сыворотка для кожи вокруг глаз `AXIS-Y` с гиалуроновой кислотой и комплексом пептидов 10 мл","podruzhka","2026-09-17 18:06:49.600",2745,1177,"provisional"
"prod_37c024a322f359f8","Сыворотка для кожи вокруг глаз `AXIS-Y` с гиалуроновой кислотой и комплексом пептидов 10 мл","podruzhka","2026-09-17 18:16:53.640",2745,1177,"provisional"
"prod_37c024a322f359f8","Сыворотка для кожи вокруг глаз `AXIS-Y` с гиалуроновой кислотой и комплексом пептидов 10 мл","podruzhka","2026-09-17 18:26:59.937",2745,1177,"provisional"
"prod_37c024a322f359f8","Сыворотка для кожи вокруг глаз `AXIS-Y` с гиалуроновой кислотой и комплексом пептидов 10 мл","podruzhka","2026-09-17 18:37:06.005",2745,1177,"provisional"
"prod_37c024a322f359f8","Сыворотка для кожи вокруг глаз `AXIS-Y` с гиалуроновой кислотой и комплексом пептидов 10 мл","podruzhka","2026-09-17 18:47:10.586",2745,1177,"provisional"
"prod_37c024a322f359f8","Сыворотка для кожи вокруг глаз `AXIS-Y` с гиалуроновой кислотой и комплексом пептидов 10 мл","podruzhka","2026-09-17 18:57:14.505",2745,1177,"provisional"
"prod_37c024a322f359f8","Сыворотка для кожи вокруг глаз `AXIS-Y` с гиалуроновой кислотой и комплексом пептидов 10 мл","podruzhka","2026-09-17 19:07:18.709",2745,1177,"provisional"
"prod_37c024a322f359f8","Сыворотка для кожи вокруг глаз `AXIS-Y` с гиалуроновой кислотой и комплексом пептидов 10 мл","podruzhka","2026-09-17 19:17:22.707",2745,1177,"provisional"
"prod_37c024a322f359f8","Сыворотка для кожи вокруг глаз `AXIS-Y` с гиалуроновой кислотой и комплексом пептидов 10 мл","podruzhka","2026-09-17 19:27:25.509",2745,1177,"provisional"
"prod_37c024a322f359f8","Сыворотка для кожи вокруг глаз `AXIS-Y` с гиалуроновой кислотой и комплексом пептидов 10 мл","podruzhka","2026-09-17 19:37:28.681",2745,1177,"provisional"
"prod_3957c8186b2f7154","Зубная щетка JUICY LAB Magic Brush с ионами серебра, мягкая , 1 шт","lenta","2026-09-17 16:56:31.999",357.89,199.99,"provisional"
"prod_3957c8186b2f7154","Зубная щетка JUICY LAB Magic Brush с ионами серебра, мягкая , 1 шт","lenta","2026-09-17 17:07:32.918",357.89,199.99,"provisional"
"prod_3957c8186b2f7154","Зубная щетка JUICY LAB Magic Brush с ионами серебра, мягкая , 1 шт","lenta","2026-09-17 17:18:34.434",357.89,199.99,"provisional"
"prod_3957c8186b2f7154","Зубная щетка JUICY LAB Magic Brush с ионами серебра, мягкая , 1 шт","lenta","2026-09-17 17:29:34.867",357.89,199.99,"provisional"
"prod_3957c8186b2f7154","Зубная щетка JUICY LAB Magic Brush с ионами серебра, мягкая , 1 шт","lenta","2026-09-17 17:40:34.219",357.89,199.99,"provisional"
"prod_3957c8186b2f7154","Зубная щетка JUICY LAB Magic Brush с ионами серебра, мягкая , 1 шт","lenta","2026-09-17 17:51:36.708",357.89,199.99,"provisional"
"prod_3957c8186b2f7154","Зубная щетка JUICY LAB Magic Brush с ионами серебра, мягкая , 1 шт","lenta","2026-09-17 18:02:36.782",357.89,199.99,"provisional"
"prod_3957c8186b2f7154","Зубная щетка JUICY LAB Magic Brush с ионами серебра, мягкая , 1 шт","lenta","2026-09-17 18:13:34.746",357.89,199.99,"provisional"
"prod_3957c8186b2f7154","Зубная щетка JUICY LAB Magic Brush с ионами серебра, мягкая , 1 шт","lenta","2026-09-17 18:24:32.361",357.89,199.99,"provisional"
"prod_3957c8186b2f7154","Зубная щетка JUICY LAB Magic Brush с ионами серебра, мягкая , 1 шт","lenta","2026-09-17 18:35:31.799",357.89,199.99,"provisional"
"prod_3957c8186b2f7154","Зубная щетка JUICY LAB Magic Brush с ионами серебра, мягкая , 1 шт","lenta","2026-09-17 18:46:28.231",357.89,199.99,"provisional"
"prod_3957c8186b2f7154","Зубная щетка JUICY LAB Magic Brush с ионами серебра, мягкая , 1 шт","lenta","2026-09-17 18:57:22.303",357.89,199.99,"provisional"
"prod_3957c8186b2f7154","Зубная щетка JUICY LAB Magic Brush с ионами серебра, мягкая , 1 шт","lenta","2026-09-17 19:08:20.548",357.89,199.99,"provisional"
"prod_3957c8186b2f7154","Зубная щетка JUICY LAB Magic Brush с ионами серебра, мягкая , 1 шт","lenta","2026-09-17 19:19:28.205",357.89,199.99,"provisional"
"prod_3957c8186b2f7154","Зубная щетка JUICY LAB Magic Brush с ионами серебра, мягкая , 1 шт","lenta","2026-09-17 19:30:23.834",357.89,199.99,"provisional"
"prod_3990e343bc29ca7a","Аксессуар для дайвинга DJI Комплект для дайвинга Osmo Action Diving Accessory Kit","mvideo","2026-09-17 16:56:15.990",12318,7025,"provisional"
"prod_3990e343bc29ca7a","Аксессуар для дайвинга DJI Комплект для дайвинга Osmo Action Diving Accessory Kit","mvideo","2026-09-17 17:06:18.275",12318,7025,"provisional"
"prod_3990e343bc29ca7a","Аксессуар для дайвинга DJI Комплект для дайвинга Osmo Action Diving Accessory Kit","mvideo","2026-09-17 17:16:19.900",12318,7025,"provisional"
"prod_3990e343bc29ca7a","Аксессуар для дайвинга DJI Комплект для дайвинга Osmo Action Diving Accessory Kit","mvideo","2026-09-17 17:26:21.375",12318,7025,"provisional"
"prod_3990e343bc29ca7a","Аксессуар для дайвинга DJI Комплект для дайвинга Osmo Action Diving Accessory Kit","mvideo","2026-09-17 17:36:22.884",12318,7025,"provisional"
"prod_3990e343bc29ca7a","Аксессуар для дайвинга DJI Комплект для дайвинга Osmo Action Diving Accessory Kit","mvideo","2026-09-17 17:46:24.497",12318,7025,"provisional"
"prod_3990e343bc29ca7a","Аксессуар для дайвинга DJI Комплект для дайвинга Osmo Action Diving Accessory Kit","mvideo","2026-09-17 17:56:26.074",12318,7025,"provisional"
"prod_3990e343bc29ca7a","Аксессуар для дайвинга DJI Комплект для дайвинга Osmo Action Diving Accessory Kit","mvideo","2026-09-17 18:06:27.732",12318,7025,"provisional"
"prod_3990e343bc29ca7a","Аксессуар для дайвинга DJI Комплект для дайвинга Osmo Action Diving Accessory Kit","mvideo","2026-09-17 18:16:29.198",12318,7025,"provisional"
"prod_3990e343bc29ca7a","Аксессуар для дайвинга DJI Комплект для дайвинга Osmo Action Diving Accessory Kit","mvideo","2026-09-17 18:26:31.065",12318,7025,"provisional"
"prod_3990e343bc29ca7a","Аксессуар для дайвинга DJI Комплект для дайвинга Osmo Action Diving Accessory Kit","mvideo","2026-09-17 18:36:32.734",12318,7025,"provisional"
"prod_3990e343bc29ca7a","Аксессуар для дайвинга DJI Комплект для дайвинга Osmo Action Diving Accessory Kit","mvideo","2026-09-17 18:46:34.388",12318,7025,"provisional"
"prod_3990e343bc29ca7a","Аксессуар для дайвинга DJI Комплект для дайвинга Osmo Action Diving Accessory Kit","mvideo","2026-09-17 18:56:36.062",12318,7025,"provisional"
"prod_3990e343bc29ca7a","Аксессуар для дайвинга DJI Комплект для дайвинга Osmo Action Diving Accessory Kit","mvideo","2026-09-17 19:06:37.936",12318,7025,"provisional"
"prod_3990e343bc29ca7a","Аксессуар для дайвинга DJI Комплект для дайвинга Osmo Action Diving Accessory Kit","mvideo","2026-09-17 19:16:39.817",12318,7025,"provisional"
"prod_3990e343bc29ca7a","Аксессуар для дайвинга DJI Комплект для дайвинга Osmo Action Diving Accessory Kit","mvideo","2026-09-17 19:26:41.238",12318,7025,"provisional"
"prod_3990e343bc29ca7a","Аксессуар для дайвинга DJI Комплект для дайвинга Osmo Action Diving Accessory Kit","mvideo","2026-09-17 19:36:42.983",12318,7025,"provisional"
"prod_3af860672ce20643","Шампунь для волос SOKOLOV Dark Cherry&Almond, для восстановления , 750мл","lenta","2026-09-17 16:56:37.894",2104.22,549.99,"provisional"
"prod_3af860672ce20643","Шампунь для волос SOKOLOV Dark Cherry&Almond, для восстановления , 750мл","lenta","2026-09-17 17:07:38.873",2104.22,549.99,"provisional"
"prod_3af860672ce20643","Шампунь для волос SOKOLOV Dark Cherry&Almond, для восстановления , 750мл","lenta","2026-09-17 17:18:41.055",2104.22,549.99,"provisional"
"prod_3af860672ce20643","Шампунь для волос SOKOLOV Dark Cherry&Almond, для восстановления , 750мл","lenta","2026-09-17 17:29:40.781",2104.22,549.99,"provisional"
"prod_3af860672ce20643","Шампунь для волос SOKOLOV Dark Cherry&Almond, для восстановления , 750мл","lenta","2026-09-17 17:40:40.082",2104.22,549.99,"provisional"
"prod_3af860672ce20643","Шампунь для волос SOKOLOV Dark Cherry&Almond, для восстановления , 750мл","lenta","2026-09-17 17:51:42.353",2104.22,549.99,"provisional"
"prod_3af860672ce20643","Шампунь для волос SOKOLOV Dark Cherry&Almond, для восстановления , 750мл","lenta","2026-09-17 18:02:42.426",2104.22,549.99,"provisional"
"prod_3af860672ce20643","Шампунь для волос SOKOLOV Dark Cherry&Almond, для восстановления , 750мл","lenta","2026-09-17 18:13:40.462",2104.22,549.99,"provisional"
"prod_3af860672ce20643","Шампунь для волос SOKOLOV Dark Cherry&Almond, для восстановления , 750мл","lenta","2026-09-17 18:24:38.030",2104.22,549.99,"provisional"
"prod_3af860672ce20643","Шампунь для волос SOKOLOV Dark Cherry&Almond, для восстановления , 750мл","lenta","2026-09-17 18:35:37.346",2104.22,549.99,"provisional"
"prod_3af860672ce20643","Шампунь для волос SOKOLOV Dark Cherry&Almond, для восстановления , 750мл","lenta","2026-09-17 18:46:34.116",2104.22,549.99,"provisional"
"prod_3af860672ce20643","Шампунь для волос SOKOLOV Dark Cherry&Almond, для восстановления , 750мл","lenta","2026-09-17 18:57:27.752",2104.22,549.99,"provisional"
"prod_3af860672ce20643","Шампунь для волос SOKOLOV Dark Cherry&Almond, для восстановления , 750мл","lenta","2026-09-17 19:08:25.385",2104.22,549.99,"provisional"
"prod_3af860672ce20643","Шампунь для волос SOKOLOV Dark Cherry&Almond, для восстановления , 750мл","lenta","2026-09-17 19:19:33.092",2104.22,549.99,"provisional"
"prod_3af860672ce20643","Шампунь для волос SOKOLOV Dark Cherry&Almond, для восстановления , 750мл","lenta","2026-09-17 19:30:29.199",1714.74,539.99,"provisional"
"prod_3ba7a4f25eb86dba","Стиральная машина Haier HW70-BP12959AE","holodilnik","2026-09-17 16:56:15.145",50999,42499,"provisional"
"prod_3ba7a4f25eb86dba","Стиральная машина Haier HW70-BP12959AE","holodilnik","2026-09-17 17:06:16.575",50999,42499,"provisional"
"prod_3ba7a4f25eb86dba","Стиральная машина Haier HW70-BP12959AE","holodilnik","2026-09-17 17:16:17.426",50999,42499,"provisional"
"prod_3ba7a4f25eb86dba","Стиральная машина Haier HW70-BP12959AE","holodilnik","2026-09-17 17:26:18.310",50999,42499,"provisional"
"prod_3ba7a4f25eb86dba","Стиральная машина Haier HW70-BP12959AE","holodilnik","2026-09-17 17:36:18.930",50999,42499,"provisional"
"prod_3ba7a4f25eb86dba","Стиральная машина Haier HW70-BP12959AE","holodilnik","2026-09-17 17:46:19.534",50999,42499,"provisional"
"prod_3ba7a4f25eb86dba","Стиральная машина Haier HW70-BP12959AE","holodilnik","2026-09-17 17:56:20.188",50999,42499,"provisional"
"prod_3ba7a4f25eb86dba","Стиральная машина Haier HW70-BP12959AE","holodilnik","2026-09-17 18:06:20.819",50999,42499,"provisional"
"prod_3ba7a4f25eb86dba","Стиральная машина Haier HW70-BP12959AE","holodilnik","2026-09-17 18:16:21.513",50999,42499,"provisional"
"prod_3ba7a4f25eb86dba","Стиральная машина Haier HW70-BP12959AE","holodilnik","2026-09-17 18:26:22.192",50999,42499,"provisional"
"prod_3ba7a4f25eb86dba","Стиральная машина Haier HW70-BP12959AE","holodilnik","2026-09-17 18:36:23.750",50999,42499,"provisional"
"prod_3ba7a4f25eb86dba","Стиральная машина Haier HW70-BP12959AE","holodilnik","2026-09-17 18:46:24.355",50999,42499,"provisional"
"prod_3ba7a4f25eb86dba","Стиральная машина Haier HW70-BP12959AE","holodilnik","2026-09-17 18:56:25.053",50999,42499,"provisional"
"prod_3ba7a4f25eb86dba","Стиральная машина Haier HW70-BP12959AE","holodilnik","2026-09-17 19:06:25.704",50999,42499,"provisional"
"prod_3ba7a4f25eb86dba","Стиральная машина Haier HW70-BP12959AE","holodilnik","2026-09-17 19:16:26.483",50999,42499,"provisional"
"prod_3ba7a4f25eb86dba","Стиральная машина Haier HW70-BP12959AE","holodilnik","2026-09-17 19:26:27.036",50999,42499,"provisional"
"prod_3ba7a4f25eb86dba","Стиральная машина Haier HW70-BP12959AE","holodilnik","2026-09-17 19:36:27.834",50999,42499,"provisional"
"prod_3c135266f5461fc2","Пенка для умывания `CELIMAX` слабокислотная 150 мл","podruzhka","2026-09-17 16:56:18.527",1780,567,"provisional"
"prod_3c135266f5461fc2","Пенка для умывания `CELIMAX` слабокислотная 150 мл","podruzhka","2026-09-17 17:06:23.989",1780,567,"provisional"
"prod_3c135266f5461fc2","Пенка для умывания `CELIMAX` слабокислотная 150 мл","podruzhka","2026-09-17 17:16:27.846",1780,567,"provisional"
"prod_3c135266f5461fc2","Пенка для умывания `CELIMAX` слабокислотная 150 мл","podruzhka","2026-09-17 17:26:32.048",1780,567,"provisional"
"prod_3c135266f5461fc2","Пенка для умывания `CELIMAX` слабокислотная 150 мл","podruzhka","2026-09-17 17:36:36.729",1780,567,"provisional"
"prod_3c135266f5461fc2","Пенка для умывания `CELIMAX` слабокислотная 150 мл","podruzhka","2026-09-17 17:46:41.430",1780,567,"provisional"
"prod_3c135266f5461fc2","Пенка для умывания `CELIMAX` слабокислотная 150 мл","podruzhka","2026-09-17 17:56:47.458",1780,567,"provisional"
"prod_3c135266f5461fc2","Пенка для умывания `CELIMAX` слабокислотная 150 мл","podruzhka","2026-09-17 18:06:52.478",1780,567,"provisional"
"prod_3c135266f5461fc2","Пенка для умывания `CELIMAX` слабокислотная 150 мл","podruzhka","2026-09-17 18:16:58.640",1780,567,"provisional"
"prod_3c135266f5461fc2","Пенка для умывания `CELIMAX` слабокислотная 150 мл","podruzhka","2026-09-17 18:27:03.062",1780,567,"provisional"
"prod_3c135266f5461fc2","Пенка для умывания `CELIMAX` слабокислотная 150 мл","podruzhka","2026-09-17 18:37:08.831",1780,567,"provisional"
"prod_3c135266f5461fc2","Пенка для умывания `CELIMAX` слабокислотная 150 мл","podruzhka","2026-09-17 18:47:13.244",1780,567,"provisional"
"prod_3c135266f5461fc2","Пенка для умывания `CELIMAX` слабокислотная 150 мл","podruzhka","2026-09-17 18:57:17.328",1780,567,"provisional"
"prod_3c135266f5461fc2","Пенка для умывания `CELIMAX` слабокислотная 150 мл","podruzhka","2026-09-17 19:07:21.441",1780,567,"provisional"
"prod_3c135266f5461fc2","Пенка для умывания `CELIMAX` слабокислотная 150 мл","podruzhka","2026-09-17 19:17:24.861",1780,567,"provisional"
"prod_3c135266f5461fc2","Пенка для умывания `CELIMAX` слабокислотная 150 мл","podruzhka","2026-09-17 19:27:27.983",1780,567,"provisional"
"prod_3c135266f5461fc2","Пенка для умывания `CELIMAX` слабокислотная 150 мл","podruzhka","2026-09-17 19:37:31.674",1780,567,"provisional"
"prod_3d7726d106d507bd","Крем для лица `NSC` ниацинамид глубокое восстановление и сияние кожи с витамином C 120 мл","podruzhka","2026-09-17 16:56:18.528",679,420,"provisional"
"prod_3d7726d106d507bd","Крем для лица `NSC` ниацинамид глубокое восстановление и сияние кожи с витамином C 120 мл","podruzhka","2026-09-17 17:06:23.990",679,420,"provisional"
"prod_3d7726d106d507bd","Крем для лица `NSC` ниацинамид глубокое восстановление и сияние кожи с витамином C 120 мл","podruzhka","2026-09-17 17:16:27.847",679,420,"provisional"
"prod_3d7726d106d507bd","Крем для лица `NSC` ниацинамид глубокое восстановление и сияние кожи с витамином C 120 мл","podruzhka","2026-09-17 17:26:32.049",679,420,"provisional"
"prod_3d7726d106d507bd","Крем для лица `NSC` ниацинамид глубокое восстановление и сияние кожи с витамином C 120 мл","podruzhka","2026-09-17 17:36:36.730",679,420,"provisional"
"prod_3d7726d106d507bd","Крем для лица `NSC` ниацинамид глубокое восстановление и сияние кожи с витамином C 120 мл","podruzhka","2026-09-17 17:46:41.431",679,420,"provisional"
"prod_3d7726d106d507bd","Крем для лица `NSC` ниацинамид глубокое восстановление и сияние кожи с витамином C 120 мл","podruzhka","2026-09-17 17:56:47.459",679,420,"provisional"
"prod_3d7726d106d507bd","Крем для лица `NSC` ниацинамид глубокое восстановление и сияние кожи с витамином C 120 мл","podruzhka","2026-09-17 18:06:52.479",679,420,"provisional"
"prod_3d7726d106d507bd","Крем для лица `NSC` ниацинамид глубокое восстановление и сияние кожи с витамином C 120 мл","podruzhka","2026-09-17 18:27:03.063",679,420,"provisional"
"prod_3d7726d106d507bd","Крем для лица `NSC` ниацинамид глубокое восстановление и сияние кожи с витамином C 120 мл","podruzhka","2026-09-17 18:37:08.833",679,420,"provisional"
"prod_3d7726d106d507bd","Крем для лица `NSC` ниацинамид глубокое восстановление и сияние кожи с витамином C 120 мл","podruzhka","2026-09-17 18:47:13.245",679,420,"provisional"
"prod_3d7726d106d507bd","Крем для лица `NSC` ниацинамид глубокое восстановление и сияние кожи с витамином C 120 мл","podruzhka","2026-09-17 18:57:17.329",679,420,"provisional"
"prod_3d7726d106d507bd","Крем для лица `NSC` ниацинамид глубокое восстановление и сияние кожи с витамином C 120 мл","podruzhka","2026-09-17 19:07:21.442",679,420,"provisional"
"prod_3d7726d106d507bd","Крем для лица `NSC` ниацинамид глубокое восстановление и сияние кожи с витамином C 120 мл","podruzhka","2026-09-17 19:17:24.862",679,420,"provisional"
"prod_3d7726d106d507bd","Крем для лица `NSC` ниацинамид глубокое восстановление и сияние кожи с витамином C 120 мл","podruzhka","2026-09-17 19:27:27.984",679,420,"provisional"
"prod_3d7726d106d507bd","Крем для лица `NSC` ниацинамид глубокое восстановление и сияние кожи с витамином C 120 мл","podruzhka","2026-09-17 19:37:31.676",679,420,"provisional"
"prod_3e3f1f1973d979f0","Ginza Murasaki Парфюмерная вода","iledebeaute","2026-09-17 18:56:01.893",8540,5124,"provisional"
"prod_3e3f1f1973d979f0","Ginza Murasaki Парфюмерная вода","iledebeaute","2026-09-17 19:06:51.000",8540,5124,"provisional"
"prod_3e3f1f1973d979f0","Ginza Murasaki Парфюмерная вода","iledebeaute","2026-09-17 19:17:39.372",8540,5124,"provisional"
"prod_3e3f1f1973d979f0","Ginza Murasaki Парфюмерная вода","iledebeaute","2026-09-17 19:28:30.136",8540,5124,"provisional"
"prod_3e3f1f1973d979f0","Ginza Murasaki Парфюмерная вода","iledebeaute","2026-09-17 19:39:18.834",8540,5124,"provisional"
"prod_41bfbe38feba5250","Стиральная машина Beko WRE6512ZAW","holodilnik","2026-09-17 16:56:15.116",28990,28699,"provisional"
"prod_41bfbe38feba5250","Стиральная машина Beko WRE6512ZAW","holodilnik","2026-09-17 17:06:16.565",28990,28699,"provisional"
"prod_41bfbe38feba5250","Стиральная машина Beko WRE6512ZAW","holodilnik","2026-09-17 17:16:17.417",28990,28699,"provisional"
"prod_41bfbe38feba5250","Стиральная машина Beko WRE6512ZAW","holodilnik","2026-09-17 17:26:18.298",28990,28699,"provisional"
"prod_41bfbe38feba5250","Стиральная машина Beko WRE6512ZAW","holodilnik","2026-09-17 17:36:18.920",28990,28699,"provisional"
"prod_41bfbe38feba5250","Стиральная машина Beko WRE6512ZAW","holodilnik","2026-09-17 17:46:19.523",28990,28699,"provisional"
"prod_41bfbe38feba5250","Стиральная машина Beko WRE6512ZAW","holodilnik","2026-09-17 17:56:20.179",28990,28699,"provisional"
"prod_41bfbe38feba5250","Стиральная машина Beko WRE6512ZAW","holodilnik","2026-09-17 18:06:20.809",28990,28699,"provisional"
"prod_41bfbe38feba5250","Стиральная машина Beko WRE6512ZAW","holodilnik","2026-09-17 18:16:21.504",28990,28699,"provisional"
"prod_41bfbe38feba5250","Стиральная машина Beko WRE6512ZAW","holodilnik","2026-09-17 18:26:22.182",28990,28699,"provisional"
"prod_41bfbe38feba5250","Стиральная машина Beko WRE6512ZAW","holodilnik","2026-09-17 18:36:23.740",28990,28699,"provisional"
"prod_41bfbe38feba5250","Стиральная машина Beko WRE6512ZAW","holodilnik","2026-09-17 18:46:24.345",28990,28699,"provisional"
"prod_41bfbe38feba5250","Стиральная машина Beko WRE6512ZAW","holodilnik","2026-09-17 18:56:25.043",28990,28699,"provisional"
"prod_41bfbe38feba5250","Стиральная машина Beko WRE6512ZAW","holodilnik","2026-09-17 19:06:25.694",28990,28699,"provisional"
"prod_41bfbe38feba5250","Стиральная машина Beko WRE6512ZAW","holodilnik","2026-09-17 19:16:26.474",28990,28699,"provisional"
"prod_41bfbe38feba5250","Стиральная машина Beko WRE6512ZAW","holodilnik","2026-09-17 19:26:27.026",28990,28699,"provisional"
"prod_41bfbe38feba5250","Стиральная машина Beko WRE6512ZAW","holodilnik","2026-09-17 19:36:27.823",28990,28699,"provisional"
"prod_41f71a665d573856","Лодочный мотор MARLIN MP 9.9 (15) AMHS, двухтактный, бензиновый","mvideo","2026-09-17 16:56:15.973",131200,122496,"provisional"
"prod_41f71a665d573856","Лодочный мотор MARLIN MP 9.9 (15) AMHS, двухтактный, бензиновый","mvideo","2026-09-17 17:06:18.255",131200,122496,"provisional"
"prod_41f71a665d573856","Лодочный мотор MARLIN MP 9.9 (15) AMHS, двухтактный, бензиновый","mvideo","2026-09-17 17:16:19.888",131200,122496,"provisional"
"prod_41f71a665d573856","Лодочный мотор MARLIN MP 9.9 (15) AMHS, двухтактный, бензиновый","mvideo","2026-09-17 17:26:21.364",131200,122496,"provisional"
"prod_41f71a665d573856","Лодочный мотор MARLIN MP 9.9 (15) AMHS, двухтактный, бензиновый","mvideo","2026-09-17 17:36:22.872",131200,122496,"provisional"
"prod_41f71a665d573856","Лодочный мотор MARLIN MP 9.9 (15) AMHS, двухтактный, бензиновый","mvideo","2026-09-17 17:46:24.485",131200,122496,"provisional"
"prod_41f71a665d573856","Лодочный мотор MARLIN MP 9.9 (15) AMHS, двухтактный, бензиновый","mvideo","2026-09-17 17:56:26.055",131200,122496,"provisional"
"prod_41f71a665d573856","Лодочный мотор MARLIN MP 9.9 (15) AMHS, двухтактный, бензиновый","mvideo","2026-09-17 18:06:27.720",131200,122496,"provisional"
"prod_41f71a665d573856","Лодочный мотор MARLIN MP 9.9 (15) AMHS, двухтактный, бензиновый","mvideo","2026-09-17 18:16:29.184",131200,122496,"provisional"
"prod_41f71a665d573856","Лодочный мотор MARLIN MP 9.9 (15) AMHS, двухтактный, бензиновый","mvideo","2026-09-17 18:26:31.051",131200,122496,"provisional"
"prod_41f71a665d573856","Лодочный мотор MARLIN MP 9.9 (15) AMHS, двухтактный, бензиновый","mvideo","2026-09-17 18:36:32.720",131200,122496,"provisional"
"prod_41f71a665d573856","Лодочный мотор MARLIN MP 9.9 (15) AMHS, двухтактный, бензиновый","mvideo","2026-09-17 18:46:34.371",131200,122496,"provisional"
"prod_41f71a665d573856","Лодочный мотор MARLIN MP 9.9 (15) AMHS, двухтактный, бензиновый","mvideo","2026-09-17 18:56:36.050",131200,122496,"provisional"
"prod_41f71a665d573856","Лодочный мотор MARLIN MP 9.9 (15) AMHS, двухтактный, бензиновый","mvideo","2026-09-17 19:06:37.922",131200,122496,"provisional"
"prod_41f71a665d573856","Лодочный мотор MARLIN MP 9.9 (15) AMHS, двухтактный, бензиновый","mvideo","2026-09-17 19:16:39.792",131200,122496,"provisional"
"prod_41f71a665d573856","Лодочный мотор MARLIN MP 9.9 (15) AMHS, двухтактный, бензиновый","mvideo","2026-09-17 19:26:41.226",131200,122496,"provisional"
"prod_41f71a665d573856","Лодочный мотор MARLIN MP 9.9 (15) AMHS, двухтактный, бензиновый","mvideo","2026-09-17 19:36:42.969",131200,122496,"provisional"
"prod_4332e8cee8b3ede7","Ампула для лица `COSNORI` PANTHE-SHOT 675 с пантенолом и микроиглами 50 мл","podruzhka","2026-09-17 16:56:15.893",2790,1674,"provisional"
"prod_4332e8cee8b3ede7","Ампула для лица `COSNORI` PANTHE-SHOT 675 с пантенолом и микроиглами 50 мл","podruzhka","2026-09-17 17:06:21.006",2790,1674,"provisional"
"prod_4332e8cee8b3ede7","Ампула для лица `COSNORI` PANTHE-SHOT 675 с пантенолом и микроиглами 50 мл","podruzhka","2026-09-17 17:16:25.112",2790,1674,"provisional"
"prod_4332e8cee8b3ede7","Ампула для лица `COSNORI` PANTHE-SHOT 675 с пантенолом и микроиглами 50 мл","podruzhka","2026-09-17 17:26:29.154",2790,1674,"provisional"
"prod_4332e8cee8b3ede7","Ампула для лица `COSNORI` PANTHE-SHOT 675 с пантенолом и микроиглами 50 мл","podruzhka","2026-09-17 17:36:33.940",2790,1674,"provisional"
"prod_4332e8cee8b3ede7","Ампула для лица `COSNORI` PANTHE-SHOT 675 с пантенолом и микроиглами 50 мл","podruzhka","2026-09-17 17:46:37.999",2790,1674,"provisional"
"prod_4332e8cee8b3ede7","Ампула для лица `COSNORI` PANTHE-SHOT 675 с пантенолом и микроиглами 50 мл","podruzhka","2026-09-17 17:56:44.563",2790,1674,"provisional"
"prod_4332e8cee8b3ede7","Ампула для лица `COSNORI` PANTHE-SHOT 675 с пантенолом и микроиглами 50 мл","podruzhka","2026-09-17 18:06:49.603",2790,1674,"provisional"
"prod_4332e8cee8b3ede7","Ампула для лица `COSNORI` PANTHE-SHOT 675 с пантенолом и микроиглами 50 мл","podruzhka","2026-09-17 18:16:53.643",2790,1674,"provisional"
"prod_4332e8cee8b3ede7","Ампула для лица `COSNORI` PANTHE-SHOT 675 с пантенолом и микроиглами 50 мл","podruzhka","2026-09-17 18:26:59.940",2790,1674,"provisional"
"prod_4332e8cee8b3ede7","Ампула для лица `COSNORI` PANTHE-SHOT 675 с пантенолом и микроиглами 50 мл","podruzhka","2026-09-17 18:37:06.008",2790,1674,"provisional"
"prod_4332e8cee8b3ede7","Ампула для лица `COSNORI` PANTHE-SHOT 675 с пантенолом и микроиглами 50 мл","podruzhka","2026-09-17 18:47:10.589",2790,1674,"provisional"
"prod_4332e8cee8b3ede7","Ампула для лица `COSNORI` PANTHE-SHOT 675 с пантенолом и микроиглами 50 мл","podruzhka","2026-09-17 18:57:14.508",2790,1674,"provisional"
"prod_4332e8cee8b3ede7","Ампула для лица `COSNORI` PANTHE-SHOT 675 с пантенолом и микроиглами 50 мл","podruzhka","2026-09-17 19:07:18.714",2790,1674,"provisional"
"prod_4332e8cee8b3ede7","Ампула для лица `COSNORI` PANTHE-SHOT 675 с пантенолом и микроиглами 50 мл","podruzhka","2026-09-17 19:17:22.712",2790,1674,"provisional"
"prod_4332e8cee8b3ede7","Ампула для лица `COSNORI` PANTHE-SHOT 675 с пантенолом и микроиглами 50 мл","podruzhka","2026-09-17 19:27:25.512",2790,1674,"provisional"
"prod_4332e8cee8b3ede7","Ампула для лица `COSNORI` PANTHE-SHOT 675 с пантенолом и микроиглами 50 мл","podruzhka","2026-09-17 19:37:28.684",2790,1674,"provisional"
"prod_4481a3e65274398c","Стиральная машина Stinol WSTS 610 E","holodilnik","2026-09-17 16:56:15.163",25490,21299,"provisional"
"prod_4481a3e65274398c","Стиральная машина Stinol WSTS 610 E","holodilnik","2026-09-17 17:06:16.583",25490,21299,"provisional"
"prod_4481a3e65274398c","Стиральная машина Stinol WSTS 610 E","holodilnik","2026-09-17 17:16:17.433",25490,21299,"provisional"
"prod_4481a3e65274398c","Стиральная машина Stinol WSTS 610 E","holodilnik","2026-09-17 17:26:18.318",25490,21299,"provisional"
"prod_4481a3e65274398c","Стиральная машина Stinol WSTS 610 E","holodilnik","2026-09-17 17:36:18.938",25490,21299,"provisional"
"prod_4481a3e65274398c","Стиральная машина Stinol WSTS 610 E","holodilnik","2026-09-17 17:46:19.542",25490,21299,"provisional"
"prod_4481a3e65274398c","Стиральная машина Stinol WSTS 610 E","holodilnik","2026-09-17 17:56:20.196",25490,21299,"provisional"
"prod_4481a3e65274398c","Стиральная машина Stinol WSTS 610 E","holodilnik","2026-09-17 18:06:20.827",25490,21299,"provisional"
"prod_4481a3e65274398c","Стиральная машина Stinol WSTS 610 E","holodilnik","2026-09-17 18:16:21.521",25490,21299,"provisional"
"prod_4481a3e65274398c","Стиральная машина Stinol WSTS 610 E","holodilnik","2026-09-17 18:26:22.200",25490,21299,"provisional"
"prod_4481a3e65274398c","Стиральная машина Stinol WSTS 610 E","holodilnik","2026-09-17 18:36:23.758",25490,21299,"provisional"
"prod_4481a3e65274398c","Стиральная машина Stinol WSTS 610 E","holodilnik","2026-09-17 18:46:24.363",25490,21299,"provisional"
"prod_4481a3e65274398c","Стиральная машина Stinol WSTS 610 E","holodilnik","2026-09-17 18:56:25.062",25490,21299,"provisional"
"prod_4481a3e65274398c","Стиральная машина Stinol WSTS 610 E","holodilnik","2026-09-17 19:06:25.713",25490,21299,"provisional"
"prod_4481a3e65274398c","Стиральная машина Stinol WSTS 610 E","holodilnik","2026-09-17 19:16:26.491",25490,21299,"provisional"
"prod_4481a3e65274398c","Стиральная машина Stinol WSTS 610 E","holodilnik","2026-09-17 19:26:27.043",25490,21299,"provisional"
"prod_4481a3e65274398c","Стиральная машина Stinol WSTS 610 E","holodilnik","2026-09-17 19:36:27.843",25490,21299,"provisional"
"prod_45b70ae1eeb2d76e","Мармелад жевательный Juuums вкус клубника со сливками, 80 г","magnit","2026-09-17 16:56:14.898",119.99,99.99,"provisional"
"prod_45b70ae1eeb2d76e","Мармелад жевательный Juuums вкус клубника со сливками, 80 г","magnit","2026-09-17 17:06:16.545",119.99,99.99,"provisional"
"prod_45b70ae1eeb2d76e","Мармелад жевательный Juuums вкус клубника со сливками, 80 г","magnit","2026-09-17 17:16:17.155",119.99,99.99,"provisional"
"prod_45b70ae1eeb2d76e","Мармелад жевательный Juuums вкус клубника со сливками, 80 г","magnit","2026-09-17 17:26:17.693",119.99,99.99,"provisional"
"prod_45b70ae1eeb2d76e","Мармелад жевательный Juuums вкус клубника со сливками, 80 г","magnit","2026-09-17 17:36:18.295",119.99,99.99,"provisional"
"prod_45b70ae1eeb2d76e","Мармелад жевательный Juuums вкус клубника со сливками, 80 г","magnit","2026-09-17 17:46:19.278",119.99,99.99,"provisional"
"prod_45b70ae1eeb2d76e","Мармелад жевательный Juuums вкус клубника со сливками, 80 г","magnit","2026-09-17 17:56:19.889",119.99,99.99,"provisional"
"prod_45b70ae1eeb2d76e","Мармелад жевательный Juuums вкус клубника со сливками, 80 г","magnit","2026-09-17 18:06:20.685",119.99,99.99,"provisional"
"prod_45b70ae1eeb2d76e","Мармелад жевательный Juuums вкус клубника со сливками, 80 г","magnit","2026-09-17 18:16:21.231",119.99,99.99,"provisional"
"prod_45b70ae1eeb2d76e","Мармелад жевательный Juuums вкус клубника со сливками, 80 г","magnit","2026-09-17 18:26:21.922",119.99,99.99,"provisional"
"prod_45b70ae1eeb2d76e","Мармелад жевательный Juuums вкус клубника со сливками, 80 г","magnit","2026-09-17 18:36:23.432",119.99,99.99,"provisional"
"prod_45b70ae1eeb2d76e","Мармелад жевательный Juuums вкус клубника со сливками, 80 г","magnit","2026-09-17 18:46:24.069",119.99,99.99,"provisional"
"prod_45b70ae1eeb2d76e","Мармелад жевательный Juuums вкус клубника со сливками, 80 г","magnit","2026-09-17 18:56:25.001",119.99,99.99,"provisional"
"prod_45b70ae1eeb2d76e","Мармелад жевательный Juuums вкус клубника со сливками, 80 г","magnit","2026-09-17 19:06:25.903",119.99,99.99,"provisional"
"prod_45b70ae1eeb2d76e","Мармелад жевательный Juuums вкус клубника со сливками, 80 г","magnit","2026-09-17 19:16:26.730",119.99,99.99,"provisional"
"prod_45b70ae1eeb2d76e","Мармелад жевательный Juuums вкус клубника со сливками, 80 г","magnit","2026-09-17 19:26:27.342",119.99,99.99,"provisional"
"prod_45b70ae1eeb2d76e","Мармелад жевательный Juuums вкус клубника со сливками, 80 г","magnit","2026-09-17 19:36:28.200",119.99,99.99,"provisional"
"prod_48985ffef0f3b816","Горбуша натуральная , 240г","lenta","2026-09-17 16:56:20.510",178.99,169.99,"provisional"
"prod_48985ffef0f3b816","Горбуша натуральная , 240г","lenta","2026-09-17 17:07:21.751",178.99,169.99,"provisional"
"prod_48985ffef0f3b816","Горбуша натуральная , 240г","lenta","2026-09-17 17:18:23.998",178.99,169.99,"provisional"
"prod_48985ffef0f3b816","Горбуша натуральная , 240г","lenta","2026-09-17 17:29:25.109",178.99,169.99,"provisional"
"prod_48985ffef0f3b816","Горбуша натуральная , 240г","lenta","2026-09-17 17:40:23.113",178.99,169.99,"provisional"
"prod_48985ffef0f3b816","Горбуша натуральная , 240г","lenta","2026-09-17 17:51:25.437",178.99,169.99,"provisional"
"prod_48985ffef0f3b816","Горбуша натуральная , 240г","lenta","2026-09-17 18:02:25.467",178.99,169.99,"provisional"
"prod_48985ffef0f3b816","Горбуша натуральная , 240г","lenta","2026-09-17 18:13:23.772",178.99,169.99,"provisional"
"prod_48985ffef0f3b816","Горбуша натуральная , 240г","lenta","2026-09-17 18:24:20.758",178.99,169.99,"provisional"
"prod_48985ffef0f3b816","Горбуша натуральная , 240г","lenta","2026-09-17 18:35:20.634",178.99,169.99,"provisional"
"prod_48985ffef0f3b816","Горбуша натуральная , 240г","lenta","2026-09-17 18:46:17.770",178.99,169.99,"provisional"
"prod_48985ffef0f3b816","Горбуша натуральная , 240г","lenta","2026-09-17 18:57:12.771",178.99,169.99,"provisional"
"prod_48985ffef0f3b816","Горбуша натуральная , 240г","lenta","2026-09-17 19:08:09.495",178.99,169.99,"provisional"
"prod_48985ffef0f3b816","Горбуша натуральная , 240г","lenta","2026-09-17 19:19:17.010",178.99,169.99,"provisional"
"prod_48985ffef0f3b816","Горбуша натуральная , 240г","lenta","2026-09-17 19:30:12.933",178.99,169.99,"provisional"
"prod_4a0eda8918361861","Monsieur Big Mascara Тушь для ресниц","iledebeaute","2026-09-17 16:56:53.943",5770,4327,"provisional"
"prod_4a0eda8918361861","Monsieur Big Mascara Тушь для ресниц","iledebeaute","2026-09-17 17:07:44.647",5770,4327,"provisional"
"prod_4a0eda8918361861","Monsieur Big Mascara Тушь для ресниц","iledebeaute","2026-09-17 17:18:34.505",5770,4327,"provisional"
"prod_4a0eda8918361861","Monsieur Big Mascara Тушь для ресниц","iledebeaute","2026-09-17 17:29:22.925",5770,4327,"provisional"
"prod_4a0eda8918361861","Monsieur Big Mascara Тушь для ресниц","iledebeaute","2026-09-17 17:40:12.523",5770,4327,"provisional"
"prod_4a0eda8918361861","Monsieur Big Mascara Тушь для ресниц","iledebeaute","2026-09-17 17:51:02.597",5770,4327,"provisional"
"prod_4a0eda8918361861","Monsieur Big Mascara Тушь для ресниц","iledebeaute","2026-09-17 18:01:50.771",5770,4327,"provisional"
"prod_4a0eda8918361861","Monsieur Big Mascara Тушь для ресниц","iledebeaute","2026-09-17 18:12:39.149",5770,4327,"provisional"
"prod_4a0eda8918361861","Monsieur Big Mascara Тушь для ресниц","iledebeaute","2026-09-17 18:23:27.883",5770,4327,"provisional"
"prod_4a0eda8918361861","Monsieur Big Mascara Тушь для ресниц","iledebeaute","2026-09-17 18:34:17.336",5770,4327,"provisional"
"prod_4a0eda8918361861","Monsieur Big Mascara Тушь для ресниц","iledebeaute","2026-09-17 18:45:05.533",5770,4327,"provisional"
"prod_4a0eda8918361861","Monsieur Big Mascara Тушь для ресниц","iledebeaute","2026-09-17 18:55:54.511",5770,4327,"provisional"
"prod_4a0eda8918361861","Monsieur Big Mascara Тушь для ресниц","iledebeaute","2026-09-17 19:06:43.701",5770,4327,"provisional"
"prod_4a0eda8918361861","Monsieur Big Mascara Тушь для ресниц","iledebeaute","2026-09-17 19:17:32.189",5770,4327,"provisional"
"prod_4a0eda8918361861","Monsieur Big Mascara Тушь для ресниц","iledebeaute","2026-09-17 19:28:22.707",5770,4327,"provisional"
"prod_4a0eda8918361861","Monsieur Big Mascara Тушь для ресниц","iledebeaute","2026-09-17 19:39:11.659",5770,4327,"provisional"
"prod_4e7873c5011b15dc","DRAMA SIZED MASCARA Тушь с эффектом накладных ресниц","iledebeaute","2026-09-17 16:56:58.765",2800,1260,"provisional"
"prod_4e7873c5011b15dc","DRAMA SIZED MASCARA Тушь с эффектом накладных ресниц","iledebeaute","2026-09-17 17:07:49.594",2800,1260,"provisional"
"prod_4e7873c5011b15dc","DRAMA SIZED MASCARA Тушь с эффектом накладных ресниц","iledebeaute","2026-09-17 17:18:39.237",2800,1260,"provisional"
"prod_4e7873c5011b15dc","DRAMA SIZED MASCARA Тушь с эффектом накладных ресниц","iledebeaute","2026-09-17 17:29:27.709",2800,1260,"provisional"
"prod_4e7873c5011b15dc","DRAMA SIZED MASCARA Тушь с эффектом накладных ресниц","iledebeaute","2026-09-17 17:40:17.456",2800,1260,"provisional"
"prod_4e7873c5011b15dc","DRAMA SIZED MASCARA Тушь с эффектом накладных ресниц","iledebeaute","2026-09-17 17:51:07.222",2800,1260,"provisional"
"prod_4e7873c5011b15dc","DRAMA SIZED MASCARA Тушь с эффектом накладных ресниц","iledebeaute","2026-09-17 18:01:55.581",2800,1260,"provisional"
"prod_4e7873c5011b15dc","DRAMA SIZED MASCARA Тушь с эффектом накладных ресниц","iledebeaute","2026-09-17 18:12:43.934",2800,1260,"provisional"
"prod_4e7873c5011b15dc","DRAMA SIZED MASCARA Тушь с эффектом накладных ресниц","iledebeaute","2026-09-17 18:23:32.755",2800,1260,"provisional"
"prod_4e7873c5011b15dc","DRAMA SIZED MASCARA Тушь с эффектом накладных ресниц","iledebeaute","2026-09-17 18:34:22.198",2800,1260,"provisional"
"prod_4e7873c5011b15dc","DRAMA SIZED MASCARA Тушь с эффектом накладных ресниц","iledebeaute","2026-09-17 18:45:07.917",2800,1260,"provisional"
"prod_4e7873c5011b15dc","DRAMA SIZED MASCARA Тушь с эффектом накладных ресниц","iledebeaute","2026-09-17 18:55:56.997",2800,1260,"provisional"
"prod_4e7873c5011b15dc","DRAMA SIZED MASCARA Тушь с эффектом накладных ресниц","iledebeaute","2026-09-17 19:06:46.075",2800,1260,"provisional"
"prod_4e7873c5011b15dc","DRAMA SIZED MASCARA Тушь с эффектом накладных ресниц","iledebeaute","2026-09-17 19:17:34.480",2800,1260,"provisional"
"prod_4e7873c5011b15dc","DRAMA SIZED MASCARA Тушь с эффектом накладных ресниц","iledebeaute","2026-09-17 19:28:25.284",2800,1260,"provisional"
"prod_4e7873c5011b15dc","DRAMA SIZED MASCARA Тушь с эффектом накладных ресниц","iledebeaute","2026-09-17 19:39:14.055",2800,1260,"provisional"
"prod_4fe7d8e5bcf10870","Матрасик для пеленания на кроватку Mr Sandman, доска пеленальная на комод, 68х47 см, от 0 до 6 месяцев.","mvideo","2026-09-17 16:56:15.982",5000,2792,"provisional"
"prod_4fe7d8e5bcf10870","Матрасик для пеленания на кроватку Mr Sandman, доска пеленальная на комод, 68х47 см, от 0 до 6 месяцев.","mvideo","2026-09-17 17:06:18.266",5000,2792,"provisional"
"prod_4fe7d8e5bcf10870","Матрасик для пеленания на кроватку Mr Sandman, доска пеленальная на комод, 68х47 см, от 0 до 6 месяцев.","mvideo","2026-09-17 17:16:19.895",5000,2792,"provisional"
"prod_4fe7d8e5bcf10870","Матрасик для пеленания на кроватку Mr Sandman, доска пеленальная на комод, 68х47 см, от 0 до 6 месяцев.","mvideo","2026-09-17 17:26:21.371",5000,2792,"provisional"
"prod_4fe7d8e5bcf10870","Матрасик для пеленания на кроватку Mr Sandman, доска пеленальная на комод, 68х47 см, от 0 до 6 месяцев.","mvideo","2026-09-17 17:36:22.879",5000,2792,"provisional"
"prod_4fe7d8e5bcf10870","Матрасик для пеленания на кроватку Mr Sandman, доска пеленальная на комод, 68х47 см, от 0 до 6 месяцев.","mvideo","2026-09-17 17:46:24.493",5000,2792,"provisional"
"prod_4fe7d8e5bcf10870","Матрасик для пеленания на кроватку Mr Sandman, доска пеленальная на комод, 68х47 см, от 0 до 6 месяцев.","mvideo","2026-09-17 17:56:26.065",5000,2792,"provisional"
"prod_4fe7d8e5bcf10870","Матрасик для пеленания на кроватку Mr Sandman, доска пеленальная на комод, 68х47 см, от 0 до 6 месяцев.","mvideo","2026-09-17 18:06:27.728",5000,2792,"provisional"
"prod_4fe7d8e5bcf10870","Матрасик для пеленания на кроватку Mr Sandman, доска пеленальная на комод, 68х47 см, от 0 до 6 месяцев.","mvideo","2026-09-17 18:16:29.192",5000,2792,"provisional"
"prod_4fe7d8e5bcf10870","Матрасик для пеленания на кроватку Mr Sandman, доска пеленальная на комод, 68х47 см, от 0 до 6 месяцев.","mvideo","2026-09-17 18:26:31.059",5000,2792,"provisional"
"prod_4fe7d8e5bcf10870","Матрасик для пеленания на кроватку Mr Sandman, доска пеленальная на комод, 68х47 см, от 0 до 6 месяцев.","mvideo","2026-09-17 18:36:32.729",5000,2792,"provisional"
"prod_4fe7d8e5bcf10870","Матрасик для пеленания на кроватку Mr Sandman, доска пеленальная на комод, 68х47 см, от 0 до 6 месяцев.","mvideo","2026-09-17 18:46:34.380",5000,2792,"provisional"
"prod_4fe7d8e5bcf10870","Матрасик для пеленания на кроватку Mr Sandman, доска пеленальная на комод, 68х47 см, от 0 до 6 месяцев.","mvideo","2026-09-17 18:56:36.057",5000,2792,"provisional"
"prod_4fe7d8e5bcf10870","Матрасик для пеленания на кроватку Mr Sandman, доска пеленальная на комод, 68х47 см, от 0 до 6 месяцев.","mvideo","2026-09-17 19:06:37.931",5000,2792,"provisional"
"prod_4fe7d8e5bcf10870","Матрасик для пеленания на кроватку Mr Sandman, доска пеленальная на комод, 68х47 см, от 0 до 6 месяцев.","mvideo","2026-09-17 19:16:39.809",5000,2792,"provisional"
"prod_4fe7d8e5bcf10870","Матрасик для пеленания на кроватку Mr Sandman, доска пеленальная на комод, 68х47 см, от 0 до 6 месяцев.","mvideo","2026-09-17 19:26:41.234",5000,2792,"provisional"
"prod_4fe7d8e5bcf10870","Матрасик для пеленания на кроватку Mr Sandman, доска пеленальная на комод, 68х47 см, от 0 до 6 месяцев.","mvideo","2026-09-17 19:36:42.977",5000,2792,"provisional"
"prod_50cc7f7a7b86f7ab","Стакан для ванной Wellfort, стекло Bohemian","magnit","2026-09-17 16:56:14.903",179.99,129.99,"provisional"
"prod_50cc7f7a7b86f7ab","Стакан для ванной Wellfort, стекло Bohemian","magnit","2026-09-17 17:06:16.547",179.99,129.99,"provisional"
"prod_50cc7f7a7b86f7ab","Стакан для ванной Wellfort, стекло Bohemian","magnit","2026-09-17 17:16:17.157",179.99,129.99,"provisional"
"prod_50cc7f7a7b86f7ab","Стакан для ванной Wellfort, стекло Bohemian","magnit","2026-09-17 17:26:17.695",179.99,129.99,"provisional"
"prod_50cc7f7a7b86f7ab","Стакан для ванной Wellfort, стекло Bohemian","magnit","2026-09-17 17:36:18.296",179.99,129.99,"provisional"
"prod_50cc7f7a7b86f7ab","Стакан для ванной Wellfort, стекло Bohemian","magnit","2026-09-17 17:46:19.281",179.99,129.99,"provisional"
"prod_50cc7f7a7b86f7ab","Стакан для ванной Wellfort, стекло Bohemian","magnit","2026-09-17 17:56:19.891",179.99,129.99,"provisional"
"prod_50cc7f7a7b86f7ab","Стакан для ванной Wellfort, стекло Bohemian","magnit","2026-09-17 18:06:20.687",179.99,129.99,"provisional"
"prod_50cc7f7a7b86f7ab","Стакан для ванной Wellfort, стекло Bohemian","magnit","2026-09-17 18:16:21.233",179.99,129.99,"provisional"
"prod_50cc7f7a7b86f7ab","Стакан для ванной Wellfort, стекло Bohemian","magnit","2026-09-17 18:26:21.924",179.99,129.99,"provisional"
"prod_50cc7f7a7b86f7ab","Стакан для ванной Wellfort, стекло Bohemian","magnit","2026-09-17 18:36:23.434",179.99,129.99,"provisional"
"prod_50cc7f7a7b86f7ab","Стакан для ванной Wellfort, стекло Bohemian","magnit","2026-09-17 18:46:24.070",179.99,129.99,"provisional"
"prod_50cc7f7a7b86f7ab","Стакан для ванной Wellfort, стекло Bohemian","magnit","2026-09-17 18:56:25.004",179.99,129.99,"provisional"
"prod_50cc7f7a7b86f7ab","Стакан для ванной Wellfort, стекло Bohemian","magnit","2026-09-17 19:06:25.906",179.99,129.99,"provisional"
"prod_50cc7f7a7b86f7ab","Стакан для ванной Wellfort, стекло Bohemian","magnit","2026-09-17 19:16:26.733",179.99,129.99,"provisional"
"prod_50cc7f7a7b86f7ab","Стакан для ванной Wellfort, стекло Bohemian","magnit","2026-09-17 19:26:27.344",179.99,129.99,"provisional"
"prod_50cc7f7a7b86f7ab","Стакан для ванной Wellfort, стекло Bohemian","magnit","2026-09-17 19:36:28.203",179.99,129.99,"provisional"
"prod_5406ca549009b3b9","Шампунь для волос SOKOLOV Basil&Mandarin, для объема волос , 750 мл","lenta","2026-09-17 16:56:34.929",2104.22,549.99,"provisional"
"prod_5406ca549009b3b9","Шампунь для волос SOKOLOV Basil&Mandarin, для объема волос , 750 мл","lenta","2026-09-17 17:07:35.974",2104.22,549.99,"provisional"
"prod_5406ca549009b3b9","Шампунь для волос SOKOLOV Basil&Mandarin, для объема волос , 750 мл","lenta","2026-09-17 17:18:37.102",2104.22,549.99,"provisional"
"prod_5406ca549009b3b9","Шампунь для волос SOKOLOV Basil&Mandarin, для объема волос , 750 мл","lenta","2026-09-17 17:29:37.804",2104.22,549.99,"provisional"
"prod_5406ca549009b3b9","Шампунь для волос SOKOLOV Basil&Mandarin, для объема волос , 750 мл","lenta","2026-09-17 17:40:36.872",2104.22,549.99,"provisional"
"prod_5406ca549009b3b9","Шампунь для волос SOKOLOV Basil&Mandarin, для объема волос , 750 мл","lenta","2026-09-17 17:51:39.392",2104.22,549.99,"provisional"
"prod_5406ca549009b3b9","Шампунь для волос SOKOLOV Basil&Mandarin, для объема волос , 750 мл","lenta","2026-09-17 18:02:39.423",2104.22,549.99,"provisional"
"prod_5406ca549009b3b9","Шампунь для волос SOKOLOV Basil&Mandarin, для объема волос , 750 мл","lenta","2026-09-17 18:13:37.961",2104.22,549.99,"provisional"
"prod_5406ca549009b3b9","Шампунь для волос SOKOLOV Basil&Mandarin, для объема волос , 750 мл","lenta","2026-09-17 18:24:35.393",2104.22,549.99,"provisional"
"prod_5406ca549009b3b9","Шампунь для волос SOKOLOV Basil&Mandarin, для объема волос , 750 мл","lenta","2026-09-17 18:35:34.857",2104.22,549.99,"provisional"
"prod_5406ca549009b3b9","Шампунь для волос SOKOLOV Basil&Mandarin, для объема волос , 750 мл","lenta","2026-09-17 18:46:31.421",2104.22,549.99,"provisional"
"prod_5406ca549009b3b9","Шампунь для волос SOKOLOV Basil&Mandarin, для объема волос , 750 мл","lenta","2026-09-17 18:57:25.095",2104.22,549.99,"provisional"
"prod_5406ca549009b3b9","Шампунь для волос SOKOLOV Basil&Mandarin, для объема волос , 750 мл","lenta","2026-09-17 19:08:22.610",2104.22,549.99,"provisional"
"prod_5406ca549009b3b9","Шампунь для волос SOKOLOV Basil&Mandarin, для объема волос , 750 мл","lenta","2026-09-17 19:19:30.275",2104.22,549.99,"provisional"
"prod_5406ca549009b3b9","Шампунь для волос SOKOLOV Basil&Mandarin, для объема волос , 750 мл","lenta","2026-09-17 19:30:26.998",2104.22,549.99,"provisional"
"prod_5730126abeae7fd8","Гель для душа SOKOLOV Basil&Mandarin , 400мл","lenta","2026-09-17 16:57:12.880",273.69,159.99,"provisional"
"prod_5730126abeae7fd8","Гель для душа SOKOLOV Basil&Mandarin , 400мл","lenta","2026-09-17 17:08:15.346",273.69,159.99,"provisional"
"prod_5730126abeae7fd8","Гель для душа SOKOLOV Basil&Mandarin , 400мл","lenta","2026-09-17 17:19:14.570",273.69,159.99,"provisional"
"prod_5730126abeae7fd8","Гель для душа SOKOLOV Basil&Mandarin , 400мл","lenta","2026-09-17 17:30:15.088",273.69,159.99,"provisional"
"prod_5730126abeae7fd8","Гель для душа SOKOLOV Basil&Mandarin , 400мл","lenta","2026-09-17 17:41:13.036",273.69,159.99,"provisional"
"prod_5730126abeae7fd8","Гель для душа SOKOLOV Basil&Mandarin , 400мл","lenta","2026-09-17 17:52:17.025",273.69,159.99,"provisional"
"prod_5730126abeae7fd8","Гель для душа SOKOLOV Basil&Mandarin , 400мл","lenta","2026-09-17 18:03:15.197",273.69,159.99,"provisional"
"prod_5730126abeae7fd8","Гель для душа SOKOLOV Basil&Mandarin , 400мл","lenta","2026-09-17 18:14:12.277",273.69,159.99,"provisional"
"prod_5730126abeae7fd8","Гель для душа SOKOLOV Basil&Mandarin , 400мл","lenta","2026-09-17 18:25:12.267",273.69,159.99,"provisional"
"prod_5730126abeae7fd8","Гель для душа SOKOLOV Basil&Mandarin , 400мл","lenta","2026-09-17 18:36:09.340",273.69,159.99,"provisional"
"prod_5730126abeae7fd8","Гель для душа SOKOLOV Basil&Mandarin , 400мл","lenta","2026-09-17 18:47:03.089",273.69,159.99,"provisional"
"prod_5730126abeae7fd8","Гель для душа SOKOLOV Basil&Mandarin , 400мл","lenta","2026-09-17 18:58:00.070",273.69,159.99,"provisional"
"prod_5730126abeae7fd8","Гель для душа SOKOLOV Basil&Mandarin , 400мл","lenta","2026-09-17 19:09:08.878",273.69,159.99,"provisional"
"prod_5730126abeae7fd8","Гель для душа SOKOLOV Basil&Mandarin , 400мл","lenta","2026-09-17 19:20:03.832",273.69,159.99,"provisional"
"prod_5730126abeae7fd8","Гель для душа SOKOLOV Basil&Mandarin , 400мл","lenta","2026-09-17 19:31:00.369",273.69,159.99,"provisional"
"prod_5905c453c9877f8d","Мороженое Свитлогорье эскимо с драже «Неон» и взрывной карамелью 12%, 80 г","magnit","2026-09-17 16:56:14.895",184.99,119.99,"provisional"
"prod_5905c453c9877f8d","Мороженое Свитлогорье эскимо с драже «Неон» и взрывной карамелью 12%, 80 г","magnit","2026-09-17 17:06:16.544",184.99,119.99,"provisional"
"prod_5905c453c9877f8d","Мороженое Свитлогорье эскимо с драже «Неон» и взрывной карамелью 12%, 80 г","magnit","2026-09-17 17:16:17.154",184.99,119.99,"provisional"
"prod_5905c453c9877f8d","Мороженое Свитлогорье эскимо с драже «Неон» и взрывной карамелью 12%, 80 г","magnit","2026-09-17 17:26:17.692",184.99,119.99,"provisional"
"prod_5905c453c9877f8d","Мороженое Свитлогорье эскимо с драже «Неон» и взрывной карамелью 12%, 80 г","magnit","2026-09-17 17:36:18.294",184.99,119.99,"provisional"
"prod_5905c453c9877f8d","Мороженое Свитлогорье эскимо с драже «Неон» и взрывной карамелью 12%, 80 г","magnit","2026-09-17 17:46:19.277",184.99,119.99,"provisional"
"prod_5905c453c9877f8d","Мороженое Свитлогорье эскимо с драже «Неон» и взрывной карамелью 12%, 80 г","magnit","2026-09-17 17:56:19.888",184.99,119.99,"provisional"
"prod_5905c453c9877f8d","Мороженое Свитлогорье эскимо с драже «Неон» и взрывной карамелью 12%, 80 г","magnit","2026-09-17 18:06:20.684",184.99,119.99,"provisional"
"prod_5905c453c9877f8d","Мороженое Свитлогорье эскимо с драже «Неон» и взрывной карамелью 12%, 80 г","magnit","2026-09-17 18:16:21.230",184.99,119.99,"provisional"
"prod_5905c453c9877f8d","Мороженое Свитлогорье эскимо с драже «Неон» и взрывной карамелью 12%, 80 г","magnit","2026-09-17 18:26:21.921",184.99,119.99,"provisional"
"prod_5905c453c9877f8d","Мороженое Свитлогорье эскимо с драже «Неон» и взрывной карамелью 12%, 80 г","magnit","2026-09-17 18:36:23.432",184.99,119.99,"provisional"
"prod_5905c453c9877f8d","Мороженое Свитлогорье эскимо с драже «Неон» и взрывной карамелью 12%, 80 г","magnit","2026-09-17 18:46:24.068",184.99,119.99,"provisional"
"prod_5905c453c9877f8d","Мороженое Свитлогорье эскимо с драже «Неон» и взрывной карамелью 12%, 80 г","magnit","2026-09-17 18:56:24.999",184.99,119.99,"provisional"
"prod_5905c453c9877f8d","Мороженое Свитлогорье эскимо с драже «Неон» и взрывной карамелью 12%, 80 г","magnit","2026-09-17 19:06:25.902",184.99,119.99,"provisional"
"prod_5905c453c9877f8d","Мороженое Свитлогорье эскимо с драже «Неон» и взрывной карамелью 12%, 80 г","magnit","2026-09-17 19:16:26.729",184.99,119.99,"provisional"
"prod_5905c453c9877f8d","Мороженое Свитлогорье эскимо с драже «Неон» и взрывной карамелью 12%, 80 г","magnit","2026-09-17 19:26:27.340",184.99,119.99,"provisional"
"prod_5905c453c9877f8d","Мороженое Свитлогорье эскимо с драже «Неон» и взрывной карамелью 12%, 80 г","magnit","2026-09-17 19:36:28.199",184.99,119.99,"provisional"
"prod_598e9167c0fb37ad","Defy Дезодорант","iledebeaute","2026-09-17 16:57:01.185",3670,2385,"provisional"
"prod_598e9167c0fb37ad","Defy Дезодорант","iledebeaute","2026-09-17 17:07:52.086",3670,2385,"provisional"
"prod_598e9167c0fb37ad","Defy Дезодорант","iledebeaute","2026-09-17 17:18:41.698",3670,2385,"provisional"
"prod_598e9167c0fb37ad","Defy Дезодорант","iledebeaute","2026-09-17 17:29:30.133",3670,2385,"provisional"
"prod_598e9167c0fb37ad","Defy Дезодорант","iledebeaute","2026-09-17 17:40:19.939",3670,2385,"provisional"
"prod_598e9167c0fb37ad","Defy Дезодорант","iledebeaute","2026-09-17 17:51:09.593",3670,2385,"provisional"
"prod_598e9167c0fb37ad","Defy Дезодорант","iledebeaute","2026-09-17 18:01:57.914",3670,2385,"provisional"
"prod_598e9167c0fb37ad","Defy Дезодорант","iledebeaute","2026-09-17 18:12:46.330",3670,2385,"provisional"
"prod_598e9167c0fb37ad","Defy Дезодорант","iledebeaute","2026-09-17 18:23:35.189",3670,2385,"provisional"
"prod_598e9167c0fb37ad","Defy Дезодорант","iledebeaute","2026-09-17 18:34:24.632",3670,2385,"provisional"
"prod_598e9167c0fb37ad","Defy Дезодорант","iledebeaute","2026-09-17 18:45:12.872",3670,2385,"provisional"
"prod_598e9167c0fb37ad","Defy Дезодорант","iledebeaute","2026-09-17 18:56:04.364",3670,2385,"provisional"
"prod_598e9167c0fb37ad","Defy Дезодорант","iledebeaute","2026-09-17 19:06:53.369",3670,2385,"provisional"
"prod_598e9167c0fb37ad","Defy Дезодорант","iledebeaute","2026-09-17 19:17:41.745",3670,2385,"provisional"
"prod_598e9167c0fb37ad","Defy Дезодорант","iledebeaute","2026-09-17 19:28:32.573",3670,2385,"provisional"
"prod_598e9167c0fb37ad","Defy Дезодорант","iledebeaute","2026-09-17 19:39:21.372",3670,2385,"provisional"
"prod_5a544d6968ced320","Мыльница Wellfort, стекло Bohemian","magnit","2026-09-17 16:56:14.901",149.99,99.99,"provisional"
"prod_5a544d6968ced320","Мыльница Wellfort, стекло Bohemian","magnit","2026-09-17 17:06:16.546",149.99,99.99,"provisional"
"prod_5a544d6968ced320","Мыльница Wellfort, стекло Bohemian","magnit","2026-09-17 17:16:17.156",149.99,99.99,"provisional"
"prod_5a544d6968ced320","Мыльница Wellfort, стекло Bohemian","magnit","2026-09-17 17:26:17.694",149.99,99.99,"provisional"
"prod_5a544d6968ced320","Мыльница Wellfort, стекло Bohemian","magnit","2026-09-17 17:36:18.295",149.99,99.99,"provisional"
"prod_5a544d6968ced320","Мыльница Wellfort, стекло Bohemian","magnit","2026-09-17 17:46:19.280",149.99,99.99,"provisional"
"prod_5a544d6968ced320","Мыльница Wellfort, стекло Bohemian","magnit","2026-09-17 17:56:19.890",149.99,99.99,"provisional"
"prod_5a544d6968ced320","Мыльница Wellfort, стекло Bohemian","magnit","2026-09-17 18:06:20.686",149.99,99.99,"provisional"
"prod_5a544d6968ced320","Мыльница Wellfort, стекло Bohemian","magnit","2026-09-17 18:16:21.232",149.99,99.99,"provisional"
"prod_5a544d6968ced320","Мыльница Wellfort, стекло Bohemian","magnit","2026-09-17 18:26:21.923",149.99,99.99,"provisional"
"prod_5a544d6968ced320","Мыльница Wellfort, стекло Bohemian","magnit","2026-09-17 18:36:23.433",149.99,99.99,"provisional"
"prod_5a544d6968ced320","Мыльница Wellfort, стекло Bohemian","magnit","2026-09-17 18:46:24.069",149.99,99.99,"provisional"
"prod_5a544d6968ced320","Мыльница Wellfort, стекло Bohemian","magnit","2026-09-17 18:56:25.003",149.99,99.99,"provisional"
"prod_5a544d6968ced320","Мыльница Wellfort, стекло Bohemian","magnit","2026-09-17 19:06:25.904",149.99,99.99,"provisional"
"prod_5a544d6968ced320","Мыльница Wellfort, стекло Bohemian","magnit","2026-09-17 19:16:26.731",149.99,99.99,"provisional"
"prod_5a544d6968ced320","Мыльница Wellfort, стекло Bohemian","magnit","2026-09-17 19:26:27.343",149.99,99.99,"provisional"
"prod_5a544d6968ced320","Мыльница Wellfort, стекло Bohemian","magnit","2026-09-17 19:36:28.200",149.99,99.99,"provisional"
"prod_5be826adba03ccc0","Мороженое Bahroma пломбир шоколадный чизкейк, черное печенье 12%, 320 г","magnit","2026-09-17 16:56:14.884",769.99,499.99,"provisional"
"prod_5be826adba03ccc0","Мороженое Bahroma пломбир шоколадный чизкейк, черное печенье 12%, 320 г","magnit","2026-09-17 17:06:16.539",769.99,499.99,"provisional"
"prod_5be826adba03ccc0","Мороженое Bahroma пломбир шоколадный чизкейк, черное печенье 12%, 320 г","magnit","2026-09-17 17:16:17.151",769.99,499.99,"provisional"
"prod_5be826adba03ccc0","Мороженое Bahroma пломбир шоколадный чизкейк, черное печенье 12%, 320 г","magnit","2026-09-17 17:26:17.689",769.99,499.99,"provisional"
"prod_5be826adba03ccc0","Мороженое Bahroma пломбир шоколадный чизкейк, черное печенье 12%, 320 г","magnit","2026-09-17 17:36:18.290",769.99,499.99,"provisional"
"prod_5be826adba03ccc0","Мороженое Bahroma пломбир шоколадный чизкейк, черное печенье 12%, 320 г","magnit","2026-09-17 17:46:19.273",769.99,499.99,"provisional"
"prod_5be826adba03ccc0","Мороженое Bahroma пломбир шоколадный чизкейк, черное печенье 12%, 320 г","magnit","2026-09-17 17:56:19.885",769.99,499.99,"provisional"
"prod_5be826adba03ccc0","Мороженое Bahroma пломбир шоколадный чизкейк, черное печенье 12%, 320 г","magnit","2026-09-17 18:06:20.679",769.99,499.99,"provisional"
"prod_5be826adba03ccc0","Мороженое Bahroma пломбир шоколадный чизкейк, черное печенье 12%, 320 г","magnit","2026-09-17 18:16:21.227",769.99,499.99,"provisional"
"prod_5be826adba03ccc0","Мороженое Bahroma пломбир шоколадный чизкейк, черное печенье 12%, 320 г","magnit","2026-09-17 18:26:21.916",769.99,499.99,"provisional"
"prod_5be826adba03ccc0","Мороженое Bahroma пломбир шоколадный чизкейк, черное печенье 12%, 320 г","magnit","2026-09-17 18:36:23.428",769.99,499.99,"provisional"
"prod_5be826adba03ccc0","Мороженое Bahroma пломбир шоколадный чизкейк, черное печенье 12%, 320 г","magnit","2026-09-17 18:46:24.064",769.99,499.99,"provisional"
"prod_5be826adba03ccc0","Мороженое Bahroma пломбир шоколадный чизкейк, черное печенье 12%, 320 г","magnit","2026-09-17 18:56:24.988",769.99,499.99,"provisional"
"prod_5be826adba03ccc0","Мороженое Bahroma пломбир шоколадный чизкейк, черное печенье 12%, 320 г","magnit","2026-09-17 19:06:25.896",769.99,499.99,"provisional"
"prod_5be826adba03ccc0","Мороженое Bahroma пломбир шоколадный чизкейк, черное печенье 12%, 320 г","magnit","2026-09-17 19:16:26.726",769.99,499.99,"provisional"
"prod_5be826adba03ccc0","Мороженое Bahroma пломбир шоколадный чизкейк, черное печенье 12%, 320 г","magnit","2026-09-17 19:26:27.335",769.99,499.99,"provisional"
"prod_5be826adba03ccc0","Мороженое Bahroma пломбир шоколадный чизкейк, черное печенье 12%, 320 г","magnit","2026-09-17 19:36:28.192",769.99,499.99,"provisional"
"prod_5c6a64bbe3f7cd80","Скраб для тела Synergetic антицеллюлитный Пачули и ароматный бергамот, 300 мл","magnit","2026-09-17 16:56:14.926",499.99,369.99,"provisional"
"prod_5c6a64bbe3f7cd80","Скраб для тела Synergetic антицеллюлитный Пачули и ароматный бергамот, 300 мл","magnit","2026-09-17 17:06:16.563",499.99,369.99,"provisional"
"prod_5c6a64bbe3f7cd80","Скраб для тела Synergetic антицеллюлитный Пачули и ароматный бергамот, 300 мл","magnit","2026-09-17 17:16:17.165",499.99,369.99,"provisional"
"prod_5c6a64bbe3f7cd80","Скраб для тела Synergetic антицеллюлитный Пачули и ароматный бергамот, 300 мл","magnit","2026-09-17 17:26:17.703",499.99,369.99,"provisional"
"prod_5c6a64bbe3f7cd80","Скраб для тела Synergetic антицеллюлитный Пачули и ароматный бергамот, 300 мл","magnit","2026-09-17 17:36:18.306",499.99,369.99,"provisional"
"prod_5c6a64bbe3f7cd80","Скраб для тела Synergetic антицеллюлитный Пачули и ароматный бергамот, 300 мл","magnit","2026-09-17 17:46:19.289",499.99,369.99,"provisional"
"prod_5c6a64bbe3f7cd80","Скраб для тела Synergetic антицеллюлитный Пачули и ароматный бергамот, 300 мл","magnit","2026-09-17 17:56:19.901",499.99,369.99,"provisional"
"prod_5c6a64bbe3f7cd80","Скраб для тела Synergetic антицеллюлитный Пачули и ароматный бергамот, 300 мл","magnit","2026-09-17 18:06:20.699",499.99,369.99,"provisional"
"prod_5c6a64bbe3f7cd80","Скраб для тела Synergetic антицеллюлитный Пачули и ароматный бергамот, 300 мл","magnit","2026-09-17 18:16:21.247",499.99,369.99,"provisional"
"prod_5c6a64bbe3f7cd80","Скраб для тела Synergetic антицеллюлитный Пачули и ароматный бергамот, 300 мл","magnit","2026-09-17 18:26:21.946",499.99,369.99,"provisional"
"prod_5c6a64bbe3f7cd80","Скраб для тела Synergetic антицеллюлитный Пачули и ароматный бергамот, 300 мл","magnit","2026-09-17 18:36:23.443",499.99,369.99,"provisional"
"prod_5c6a64bbe3f7cd80","Скраб для тела Synergetic антицеллюлитный Пачули и ароматный бергамот, 300 мл","magnit","2026-09-17 18:46:24.079",499.99,369.99,"provisional"
"prod_5c6a64bbe3f7cd80","Скраб для тела Synergetic антицеллюлитный Пачули и ароматный бергамот, 300 мл","magnit","2026-09-17 18:56:25.015",499.99,369.99,"provisional"
"prod_5c6a64bbe3f7cd80","Скраб для тела Synergetic антицеллюлитный Пачули и ароматный бергамот, 300 мл","magnit","2026-09-17 19:06:25.918",499.99,369.99,"provisional"
"prod_5c6a64bbe3f7cd80","Скраб для тела Synergetic антицеллюлитный Пачули и ароматный бергамот, 300 мл","magnit","2026-09-17 19:16:26.744",499.99,369.99,"provisional"
"prod_5c6a64bbe3f7cd80","Скраб для тела Synergetic антицеллюлитный Пачули и ароматный бергамот, 300 мл","magnit","2026-09-17 19:26:27.355",499.99,369.99,"provisional"
"prod_5c6a64bbe3f7cd80","Скраб для тела Synergetic антицеллюлитный Пачули и ароматный бергамот, 300 мл","magnit","2026-09-17 19:36:28.215",499.99,369.99,"provisional"
"prod_5ce5cda4f9a38006","Филе куриное в хрустящей корочке с кисло‑сладким соусом РЕСТО ШИК , 200г","lenta","2026-09-17 16:57:03.969",199.99,189.99,"provisional"
"prod_5ce5cda4f9a38006","Филе куриное в хрустящей корочке с кисло‑сладким соусом РЕСТО ШИК , 200г","lenta","2026-09-17 17:08:06.216",199.99,189.99,"provisional"
"prod_5ce5cda4f9a38006","Филе куриное в хрустящей корочке с кисло‑сладким соусом РЕСТО ШИК , 200г","lenta","2026-09-17 17:19:06.391",199.99,189.99,"provisional"
"prod_5ce5cda4f9a38006","Филе куриное в хрустящей корочке с кисло‑сладким соусом РЕСТО ШИК , 200г","lenta","2026-09-17 17:30:06.032",199.99,189.99,"provisional"
"prod_5ce5cda4f9a38006","Филе куриное в хрустящей корочке с кисло‑сладким соусом РЕСТО ШИК , 200г","lenta","2026-09-17 17:41:04.877",199.99,189.99,"provisional"
"prod_5ce5cda4f9a38006","Филе куриное в хрустящей корочке с кисло‑сладким соусом РЕСТО ШИК , 200г","lenta","2026-09-17 17:52:07.948",199.99,189.99,"provisional"
"prod_5ce5cda4f9a38006","Филе куриное в хрустящей корочке с кисло‑сладким соусом РЕСТО ШИК , 200г","lenta","2026-09-17 18:03:06.444",199.99,189.99,"provisional"
"prod_5ce5cda4f9a38006","Филе куриное в хрустящей корочке с кисло‑сладким соусом РЕСТО ШИК , 200г","lenta","2026-09-17 18:14:03.945",199.99,189.99,"provisional"
"prod_5ce5cda4f9a38006","Филе куриное в хрустящей корочке с кисло‑сладким соусом РЕСТО ШИК , 200г","lenta","2026-09-17 18:25:03.116",199.99,189.99,"provisional"
"prod_5ce5cda4f9a38006","Филе куриное в хрустящей корочке с кисло‑сладким соусом РЕСТО ШИК , 200г","lenta","2026-09-17 18:36:01.484",199.99,189.99,"provisional"
"prod_5ce5cda4f9a38006","Филе куриное в хрустящей корочке с кисло‑сладким соусом РЕСТО ШИК , 200г","lenta","2026-09-17 18:46:55.762",199.99,189.99,"provisional"
"prod_5ce5cda4f9a38006","Филе куриное в хрустящей корочке с кисло‑сладким соусом РЕСТО ШИК , 200г","lenta","2026-09-17 18:57:53.273",199.99,189.99,"provisional"
"prod_5ce5cda4f9a38006","Филе куриное в хрустящей корочке с кисло‑сладким соусом РЕСТО ШИК , 200г","lenta","2026-09-17 19:09:00.798",199.99,189.99,"provisional"
"prod_5ce5cda4f9a38006","Филе куриное в хрустящей корочке с кисло‑сладким соусом РЕСТО ШИК , 200г","lenta","2026-09-17 19:19:56.120",199.99,189.99,"provisional"
"prod_5ce5cda4f9a38006","Филе куриное в хрустящей корочке с кисло‑сладким соусом РЕСТО ШИК , 200г","lenta","2026-09-17 19:30:53.195",199.99,189.99,"provisional"
"prod_602bc172f7aca7a4","Мяч гимнастический фитбол 75 см","mvideo","2026-09-17 16:56:15.978",3311,2016,"provisional"
"prod_602bc172f7aca7a4","Мяч гимнастический фитбол 75 см","mvideo","2026-09-17 17:06:18.260",3311,2016,"provisional"
"prod_602bc172f7aca7a4","Мяч гимнастический фитбол 75 см","mvideo","2026-09-17 17:16:19.891",3311,2016,"provisional"
"prod_602bc172f7aca7a4","Мяч гимнастический фитбол 75 см","mvideo","2026-09-17 17:26:21.367",3311,2016,"provisional"
"prod_602bc172f7aca7a4","Мяч гимнастический фитбол 75 см","mvideo","2026-09-17 17:36:22.876",3311,2016,"provisional"
"prod_602bc172f7aca7a4","Мяч гимнастический фитбол 75 см","mvideo","2026-09-17 17:46:24.489",3311,2016,"provisional"
"prod_602bc172f7aca7a4","Мяч гимнастический фитбол 75 см","mvideo","2026-09-17 17:56:26.059",3311,2016,"provisional"
"prod_602bc172f7aca7a4","Мяч гимнастический фитбол 75 см","mvideo","2026-09-17 18:06:27.724",3311,2016,"provisional"
"prod_602bc172f7aca7a4","Мяч гимнастический фитбол 75 см","mvideo","2026-09-17 18:16:29.188",3311,2016,"provisional"
"prod_602bc172f7aca7a4","Мяч гимнастический фитбол 75 см","mvideo","2026-09-17 18:26:31.055",3311,2016,"provisional"
"prod_602bc172f7aca7a4","Мяч гимнастический фитбол 75 см","mvideo","2026-09-17 18:36:32.724",3311,2016,"provisional"
"prod_602bc172f7aca7a4","Мяч гимнастический фитбол 75 см","mvideo","2026-09-17 18:46:34.375",3311,2016,"provisional"
"prod_602bc172f7aca7a4","Мяч гимнастический фитбол 75 см","mvideo","2026-09-17 18:56:36.053",3311,2016,"provisional"
"prod_602bc172f7aca7a4","Мяч гимнастический фитбол 75 см","mvideo","2026-09-17 19:06:37.927",3311,2016,"provisional"
"prod_602bc172f7aca7a4","Мяч гимнастический фитбол 75 см","mvideo","2026-09-17 19:16:39.801",3311,2016,"provisional"
"prod_602bc172f7aca7a4","Мяч гимнастический фитбол 75 см","mvideo","2026-09-17 19:26:41.230",3311,2016,"provisional"
"prod_602bc172f7aca7a4","Мяч гимнастический фитбол 75 см","mvideo","2026-09-17 19:36:42.973",3311,2016,"provisional"
"prod_607ae73404b90a7f","Стиральная машина Stinol WSTU 410 B","holodilnik","2026-09-17 16:56:15.161",22490,20499,"provisional"
"prod_607ae73404b90a7f","Стиральная машина Stinol WSTU 410 B","holodilnik","2026-09-17 17:06:16.581",22490,20499,"provisional"
"prod_607ae73404b90a7f","Стиральная машина Stinol WSTU 410 B","holodilnik","2026-09-17 17:16:17.432",22490,20499,"provisional"
"prod_607ae73404b90a7f","Стиральная машина Stinol WSTU 410 B","holodilnik","2026-09-17 17:26:18.316",22490,20499,"provisional"
"prod_607ae73404b90a7f","Стиральная машина Stinol WSTU 410 B","holodilnik","2026-09-17 17:36:18.936",22490,20499,"provisional"
"prod_607ae73404b90a7f","Стиральная машина Stinol WSTU 410 B","holodilnik","2026-09-17 17:46:19.540",22490,20499,"provisional"
"prod_607ae73404b90a7f","Стиральная машина Stinol WSTU 410 B","holodilnik","2026-09-17 17:56:20.194",22490,20499,"provisional"
"prod_607ae73404b90a7f","Стиральная машина Stinol WSTU 410 B","holodilnik","2026-09-17 18:06:20.826",22490,20499,"provisional"
"prod_607ae73404b90a7f","Стиральная машина Stinol WSTU 410 B","holodilnik","2026-09-17 18:16:21.519",22490,20499,"provisional"
"prod_607ae73404b90a7f","Стиральная машина Stinol WSTU 410 B","holodilnik","2026-09-17 18:26:22.198",22490,20499,"provisional"
"prod_607ae73404b90a7f","Стиральная машина Stinol WSTU 410 B","holodilnik","2026-09-17 18:36:23.756",22490,20499,"provisional"
"prod_607ae73404b90a7f","Стиральная машина Stinol WSTU 410 B","holodilnik","2026-09-17 18:46:24.361",22490,20499,"provisional"
"prod_607ae73404b90a7f","Стиральная машина Stinol WSTU 410 B","holodilnik","2026-09-17 18:56:25.060",22490,20499,"provisional"
"prod_607ae73404b90a7f","Стиральная машина Stinol WSTU 410 B","holodilnik","2026-09-17 19:06:25.711",22490,20499,"provisional"
"prod_607ae73404b90a7f","Стиральная машина Stinol WSTU 410 B","holodilnik","2026-09-17 19:16:26.489",22490,20499,"provisional"
"prod_607ae73404b90a7f","Стиральная машина Stinol WSTU 410 B","holodilnik","2026-09-17 19:26:27.042",22490,20499,"provisional"
"prod_607ae73404b90a7f","Стиральная машина Stinol WSTU 410 B","holodilnik","2026-09-17 19:36:27.841",22490,20499,"provisional"
"prod_61c4d629aa2094af","Скраб для тела Рецепты бабушки Агафьи морошка на сахаре, 300 мл","magnit","2026-09-17 16:56:14.914",229.99,199.99,"provisional"
"prod_61c4d629aa2094af","Скраб для тела Рецепты бабушки Агафьи морошка на сахаре, 300 мл","magnit","2026-09-17 17:06:16.554",229.99,199.99,"provisional"
"prod_61c4d629aa2094af","Скраб для тела Рецепты бабушки Агафьи морошка на сахаре, 300 мл","magnit","2026-09-17 17:16:17.161",229.99,199.99,"provisional"
"prod_61c4d629aa2094af","Скраб для тела Рецепты бабушки Агафьи морошка на сахаре, 300 мл","magnit","2026-09-17 17:26:17.699",229.99,199.99,"provisional"
"prod_61c4d629aa2094af","Скраб для тела Рецепты бабушки Агафьи морошка на сахаре, 300 мл","magnit","2026-09-17 17:36:18.301",229.99,199.99,"provisional"
"prod_61c4d629aa2094af","Скраб для тела Рецепты бабушки Агафьи морошка на сахаре, 300 мл","magnit","2026-09-17 17:46:19.285",229.99,199.99,"provisional"
"prod_61c4d629aa2094af","Скраб для тела Рецепты бабушки Агафьи морошка на сахаре, 300 мл","magnit","2026-09-17 17:56:19.895",229.99,199.99,"provisional"
"prod_61c4d629aa2094af","Скраб для тела Рецепты бабушки Агафьи морошка на сахаре, 300 мл","magnit","2026-09-17 18:06:20.692",229.99,199.99,"provisional"
"prod_61c4d629aa2094af","Скраб для тела Рецепты бабушки Агафьи морошка на сахаре, 300 мл","magnit","2026-09-17 18:16:21.239",229.99,199.99,"provisional"
"prod_61c4d629aa2094af","Скраб для тела Рецепты бабушки Агафьи морошка на сахаре, 300 мл","magnit","2026-09-17 18:26:21.937",229.99,199.99,"provisional"
"prod_61c4d629aa2094af","Скраб для тела Рецепты бабушки Агафьи морошка на сахаре, 300 мл","magnit","2026-09-17 18:36:23.438",229.99,199.99,"provisional"
"prod_61c4d629aa2094af","Скраб для тела Рецепты бабушки Агафьи морошка на сахаре, 300 мл","magnit","2026-09-17 18:46:24.075",229.99,199.99,"provisional"
"prod_61c4d629aa2094af","Скраб для тела Рецепты бабушки Агафьи морошка на сахаре, 300 мл","magnit","2026-09-17 18:56:25.009",229.99,199.99,"provisional"
"prod_61c4d629aa2094af","Скраб для тела Рецепты бабушки Агафьи морошка на сахаре, 300 мл","magnit","2026-09-17 19:06:25.913",229.99,199.99,"provisional"
"prod_61c4d629aa2094af","Скраб для тела Рецепты бабушки Агафьи морошка на сахаре, 300 мл","magnit","2026-09-17 19:16:26.740",229.99,199.99,"provisional"
"prod_61c4d629aa2094af","Скраб для тела Рецепты бабушки Агафьи морошка на сахаре, 300 мл","magnit","2026-09-17 19:26:27.350",229.99,199.99,"provisional"
"prod_61c4d629aa2094af","Скраб для тела Рецепты бабушки Агафьи морошка на сахаре, 300 мл","magnit","2026-09-17 19:36:28.210",229.99,199.99,"provisional"
"prod_63824390026c58c5","Скраб для тела Synergetic Цветущий инжир и лотос, 300 мл","magnit","2026-09-17 16:56:14.918",499.99,387.99,"provisional"
"prod_63824390026c58c5","Скраб для тела Synergetic Цветущий инжир и лотос, 300 мл","magnit","2026-09-17 17:06:16.558",499.99,387.99,"provisional"
"prod_63824390026c58c5","Скраб для тела Synergetic Цветущий инжир и лотос, 300 мл","magnit","2026-09-17 17:16:17.162",499.99,387.99,"provisional"
"prod_63824390026c58c5","Скраб для тела Synergetic Цветущий инжир и лотос, 300 мл","magnit","2026-09-17 17:26:17.700",499.99,387.99,"provisional"
"prod_63824390026c58c5","Скраб для тела Synergetic Цветущий инжир и лотос, 300 мл","magnit","2026-09-17 17:36:18.303",499.99,387.99,"provisional"
"prod_63824390026c58c5","Скраб для тела Synergetic Цветущий инжир и лотос, 300 мл","magnit","2026-09-17 17:46:19.287",499.99,387.99,"provisional"
"prod_63824390026c58c5","Скраб для тела Synergetic Цветущий инжир и лотос, 300 мл","magnit","2026-09-17 17:56:19.897",499.99,387.99,"provisional"
"prod_63824390026c58c5","Скраб для тела Synergetic Цветущий инжир и лотос, 300 мл","magnit","2026-09-17 18:06:20.695",499.99,387.99,"provisional"
"prod_63824390026c58c5","Скраб для тела Synergetic Цветущий инжир и лотос, 300 мл","magnit","2026-09-17 18:16:21.243",499.99,387.99,"provisional"
"prod_63824390026c58c5","Скраб для тела Synergetic Цветущий инжир и лотос, 300 мл","magnit","2026-09-17 18:26:21.941",499.99,387.99,"provisional"
"prod_63824390026c58c5","Скраб для тела Synergetic Цветущий инжир и лотос, 300 мл","magnit","2026-09-17 18:36:23.440",499.99,387.99,"provisional"
"prod_63824390026c58c5","Скраб для тела Synergetic Цветущий инжир и лотос, 300 мл","magnit","2026-09-17 18:46:24.077",499.99,387.99,"provisional"
"prod_63824390026c58c5","Скраб для тела Synergetic Цветущий инжир и лотос, 300 мл","magnit","2026-09-17 18:56:25.011",499.99,387.99,"provisional"
"prod_63824390026c58c5","Скраб для тела Synergetic Цветущий инжир и лотос, 300 мл","magnit","2026-09-17 19:06:25.915",499.99,387.99,"provisional"
"prod_63824390026c58c5","Скраб для тела Synergetic Цветущий инжир и лотос, 300 мл","magnit","2026-09-17 19:16:26.742",499.99,387.99,"provisional"
"prod_63824390026c58c5","Скраб для тела Synergetic Цветущий инжир и лотос, 300 мл","magnit","2026-09-17 19:26:27.352",499.99,387.99,"provisional"
"prod_63824390026c58c5","Скраб для тела Synergetic Цветущий инжир и лотос, 300 мл","magnit","2026-09-17 19:36:28.212",499.99,387.99,"provisional"
"prod_648d04b3570c1067","Крем-спрей для волос `MIXIT` RE:START многофункциональный 15в1 250 мл","podruzhka","2026-09-17 16:56:18.528",528,271,"provisional"
"prod_648d04b3570c1067","Крем-спрей для волос `MIXIT` RE:START многофункциональный 15в1 250 мл","podruzhka","2026-09-17 17:06:23.989",528,271,"provisional"
"prod_648d04b3570c1067","Крем-спрей для волос `MIXIT` RE:START многофункциональный 15в1 250 мл","podruzhka","2026-09-17 17:16:27.847",528,271,"provisional"
"prod_648d04b3570c1067","Крем-спрей для волос `MIXIT` RE:START многофункциональный 15в1 250 мл","podruzhka","2026-09-17 17:26:32.049",528,271,"provisional"
"prod_648d04b3570c1067","Крем-спрей для волос `MIXIT` RE:START многофункциональный 15в1 250 мл","podruzhka","2026-09-17 17:36:36.730",528,271,"provisional"
"prod_648d04b3570c1067","Крем-спрей для волос `MIXIT` RE:START многофункциональный 15в1 250 мл","podruzhka","2026-09-17 17:46:41.430",528,271,"provisional"
"prod_648d04b3570c1067","Крем-спрей для волос `MIXIT` RE:START многофункциональный 15в1 250 мл","podruzhka","2026-09-17 17:56:47.458",528,271,"provisional"
"prod_648d04b3570c1067","Крем-спрей для волос `MIXIT` RE:START многофункциональный 15в1 250 мл","podruzhka","2026-09-17 18:06:52.478",528,271,"provisional"
"prod_648d04b3570c1067","Крем-спрей для волос `MIXIT` RE:START многофункциональный 15в1 250 мл","podruzhka","2026-09-17 18:16:58.641",528,271,"provisional"
"prod_648d04b3570c1067","Крем-спрей для волос `MIXIT` RE:START многофункциональный 15в1 250 мл","podruzhka","2026-09-17 18:27:03.062",528,271,"provisional"
"prod_648d04b3570c1067","Крем-спрей для волос `MIXIT` RE:START многофункциональный 15в1 250 мл","podruzhka","2026-09-17 18:37:08.832",528,271,"provisional"
"prod_648d04b3570c1067","Крем-спрей для волос `MIXIT` RE:START многофункциональный 15в1 250 мл","podruzhka","2026-09-17 18:47:13.245",528,271,"provisional"
"prod_648d04b3570c1067","Крем-спрей для волос `MIXIT` RE:START многофункциональный 15в1 250 мл","podruzhka","2026-09-17 18:57:17.329",528,271,"provisional"
"prod_648d04b3570c1067","Крем-спрей для волос `MIXIT` RE:START многофункциональный 15в1 250 мл","podruzhka","2026-09-17 19:07:21.442",528,271,"provisional"
"prod_648d04b3570c1067","Крем-спрей для волос `MIXIT` RE:START многофункциональный 15в1 250 мл","podruzhka","2026-09-17 19:17:24.862",528,271,"provisional"
"prod_648d04b3570c1067","Крем-спрей для волос `MIXIT` RE:START многофункциональный 15в1 250 мл","podruzhka","2026-09-17 19:27:27.984",528,271,"provisional"
"prod_648d04b3570c1067","Крем-спрей для волос `MIXIT` RE:START многофункциональный 15в1 250 мл","podruzhka","2026-09-17 19:37:31.675",528,271,"provisional"
"prod_65050a5317e73975","Фартук рабочий ProfiCool Непромокаемый фартук профессиональный для работы","mvideo","2026-09-17 16:56:15.985",2682,1103,"provisional"
"prod_65050a5317e73975","Фартук рабочий ProfiCool Непромокаемый фартук профессиональный для работы","mvideo","2026-09-17 17:06:18.270",2682,1103,"provisional"
"prod_65050a5317e73975","Фартук рабочий ProfiCool Непромокаемый фартук профессиональный для работы","mvideo","2026-09-17 17:16:19.897",2682,1103,"provisional"
"prod_65050a5317e73975","Фартук рабочий ProfiCool Непромокаемый фартук профессиональный для работы","mvideo","2026-09-17 17:26:21.373",2682,1103,"provisional"
"prod_65050a5317e73975","Фартук рабочий ProfiCool Непромокаемый фартук профессиональный для работы","mvideo","2026-09-17 17:36:22.881",2682,1103,"provisional"
"prod_65050a5317e73975","Фартук рабочий ProfiCool Непромокаемый фартук профессиональный для работы","mvideo","2026-09-17 17:46:24.494",2682,1103,"provisional"
"prod_65050a5317e73975","Фартук рабочий ProfiCool Непромокаемый фартук профессиональный для работы","mvideo","2026-09-17 17:56:26.068",2682,1103,"provisional"
"prod_65050a5317e73975","Фартук рабочий ProfiCool Непромокаемый фартук профессиональный для работы","mvideo","2026-09-17 18:06:27.730",2682,1103,"provisional"
"prod_65050a5317e73975","Фартук рабочий ProfiCool Непромокаемый фартук профессиональный для работы","mvideo","2026-09-17 18:16:29.195",2682,1103,"provisional"
"prod_65050a5317e73975","Фартук рабочий ProfiCool Непромокаемый фартук профессиональный для работы","mvideo","2026-09-17 18:26:31.062",2682,1103,"provisional"
"prod_65050a5317e73975","Фартук рабочий ProfiCool Непромокаемый фартук профессиональный для работы","mvideo","2026-09-17 18:36:32.731",2682,1103,"provisional"
"prod_65050a5317e73975","Фартук рабочий ProfiCool Непромокаемый фартук профессиональный для работы","mvideo","2026-09-17 18:46:34.382",2682,1103,"provisional"
"prod_65050a5317e73975","Фартук рабочий ProfiCool Непромокаемый фартук профессиональный для работы","mvideo","2026-09-17 18:56:36.059",2682,1103,"provisional"
"prod_65050a5317e73975","Фартук рабочий ProfiCool Непромокаемый фартук профессиональный для работы","mvideo","2026-09-17 19:06:37.933",2682,1103,"provisional"
"prod_65050a5317e73975","Фартук рабочий ProfiCool Непромокаемый фартук профессиональный для работы","mvideo","2026-09-17 19:16:39.812",2682,1103,"provisional"
"prod_65050a5317e73975","Фартук рабочий ProfiCool Непромокаемый фартук профессиональный для работы","mvideo","2026-09-17 19:26:41.235",2682,1103,"provisional"
"prod_65050a5317e73975","Фартук рабочий ProfiCool Непромокаемый фартук профессиональный для работы","mvideo","2026-09-17 19:36:42.980",2682,1103,"provisional"
"prod_693e94418bf94ca0","Мармелад жевательный ORION Tinglezz со вкусом колы и лайма , 75г","lenta","2026-09-17 16:56:44.097",315.79,254.99,"provisional"
"prod_693e94418bf94ca0","Мармелад жевательный ORION Tinglezz со вкусом колы и лайма , 75г","lenta","2026-09-17 17:07:44.699",315.79,254.99,"provisional"
"prod_693e94418bf94ca0","Мармелад жевательный ORION Tinglezz со вкусом колы и лайма , 75г","lenta","2026-09-17 17:18:47.006",315.79,254.99,"provisional"
"prod_693e94418bf94ca0","Мармелад жевательный ORION Tinglezz со вкусом колы и лайма , 75г","lenta","2026-09-17 17:29:46.227",315.79,254.99,"provisional"
"prod_693e94418bf94ca0","Мармелад жевательный ORION Tinglezz со вкусом колы и лайма , 75г","lenta","2026-09-17 17:40:45.396",315.79,254.99,"provisional"
"prod_693e94418bf94ca0","Мармелад жевательный ORION Tinglezz со вкусом колы и лайма , 75г","lenta","2026-09-17 17:51:48.086",315.79,254.99,"provisional"
"prod_693e94418bf94ca0","Мармелад жевательный ORION Tinglezz со вкусом колы и лайма , 75г","lenta","2026-09-17 18:02:47.301",315.79,254.99,"provisional"
"prod_693e94418bf94ca0","Мармелад жевательный ORION Tinglezz со вкусом колы и лайма , 75г","lenta","2026-09-17 18:13:45.320",315.79,254.99,"provisional"
"prod_693e94418bf94ca0","Мармелад жевательный ORION Tinglezz со вкусом колы и лайма , 75г","lenta","2026-09-17 18:24:43.915",315.79,254.99,"provisional"
"prod_693e94418bf94ca0","Мармелад жевательный ORION Tinglezz со вкусом колы и лайма , 75г","lenta","2026-09-17 18:35:42.850",315.79,254.99,"provisional"
"prod_693e94418bf94ca0","Мармелад жевательный ORION Tinglezz со вкусом колы и лайма , 75г","lenta","2026-09-17 18:46:38.595",315.79,254.99,"provisional"
"prod_693e94418bf94ca0","Мармелад жевательный ORION Tinglezz со вкусом колы и лайма , 75г","lenta","2026-09-17 18:57:34.995",315.79,254.99,"provisional"
"prod_693e94418bf94ca0","Мармелад жевательный ORION Tinglezz со вкусом колы и лайма , 75г","lenta","2026-09-17 19:08:30.742",315.79,254.99,"provisional"
"prod_693e94418bf94ca0","Мармелад жевательный ORION Tinglezz со вкусом колы и лайма , 75г","lenta","2026-09-17 19:19:38.243",315.79,254.99,"provisional"
"prod_693e94418bf94ca0","Мармелад жевательный ORION Tinglezz со вкусом колы и лайма , 75г","lenta","2026-09-17 19:30:35.019",315.79,254.99,"provisional"
"prod_6d4ca4b35f51aeed","Яйцо шоколадное MEGA SECRET Пираты-прилипалы , 20г","lenta","2026-09-17 16:56:52.509",61.09,49.99,"provisional"
"prod_6d4ca4b35f51aeed","Яйцо шоколадное MEGA SECRET Пираты-прилипалы , 20г","lenta","2026-09-17 17:07:54.136",61.09,49.99,"provisional"
"prod_6d4ca4b35f51aeed","Яйцо шоколадное MEGA SECRET Пираты-прилипалы , 20г","lenta","2026-09-17 17:18:55.763",61.09,49.99,"provisional"
"prod_6d4ca4b35f51aeed","Яйцо шоколадное MEGA SECRET Пираты-прилипалы , 20г","lenta","2026-09-17 17:29:54.809",61.09,49.99,"provisional"
"prod_6d4ca4b35f51aeed","Яйцо шоколадное MEGA SECRET Пираты-прилипалы , 20г","lenta","2026-09-17 17:40:54.091",61.09,49.99,"provisional"
"prod_6d4ca4b35f51aeed","Яйцо шоколадное MEGA SECRET Пираты-прилипалы , 20г","lenta","2026-09-17 17:51:56.405",61.09,49.99,"provisional"
"prod_6d4ca4b35f51aeed","Яйцо шоколадное MEGA SECRET Пираты-прилипалы , 20г","lenta","2026-09-17 18:02:55.769",61.09,49.99,"provisional"
"prod_6d4ca4b35f51aeed","Яйцо шоколадное MEGA SECRET Пираты-прилипалы , 20г","lenta","2026-09-17 18:13:54.030",61.09,49.99,"provisional"
"prod_6d4ca4b35f51aeed","Яйцо шоколадное MEGA SECRET Пираты-прилипалы , 20г","lenta","2026-09-17 18:24:52.301",61.09,49.99,"provisional"
"prod_6d4ca4b35f51aeed","Яйцо шоколадное MEGA SECRET Пираты-прилипалы , 20г","lenta","2026-09-17 18:35:51.002",61.09,49.99,"provisional"
"prod_6d4ca4b35f51aeed","Яйцо шоколадное MEGA SECRET Пираты-прилипалы , 20г","lenta","2026-09-17 18:46:46.695",61.09,49.99,"provisional"
"prod_6d4ca4b35f51aeed","Яйцо шоколадное MEGA SECRET Пираты-прилипалы , 20г","lenta","2026-09-17 18:57:42.336",61.09,49.99,"provisional"
"prod_6d4ca4b35f51aeed","Яйцо шоколадное MEGA SECRET Пираты-прилипалы , 20г","lenta","2026-09-17 19:08:38.763",61.09,49.99,"provisional"
"prod_6d4ca4b35f51aeed","Яйцо шоколадное MEGA SECRET Пираты-прилипалы , 20г","lenta","2026-09-17 19:19:46.746",61.09,49.99,"provisional"
"prod_6d4ca4b35f51aeed","Яйцо шоколадное MEGA SECRET Пираты-прилипалы , 20г","lenta","2026-09-17 19:30:43.549",61.09,49.99,"provisional"
"prod_6e4f288a9869d9a2","Сыворотка для лица `DR. ALTHEA` SKIN RELIEF ESSENCE успокаивающая против несовершенств 30 мл","podruzhka","2026-09-17 16:56:18.526",1785,1320,"provisional"
"prod_6e4f288a9869d9a2","Сыворотка для лица `DR. ALTHEA` SKIN RELIEF ESSENCE успокаивающая против несовершенств 30 мл","podruzhka","2026-09-17 17:06:23.988",1785,1320,"provisional"
"prod_6e4f288a9869d9a2","Сыворотка для лица `DR. ALTHEA` SKIN RELIEF ESSENCE успокаивающая против несовершенств 30 мл","podruzhka","2026-09-17 17:16:27.845",1785,1320,"provisional"
"prod_6e4f288a9869d9a2","Сыворотка для лица `DR. ALTHEA` SKIN RELIEF ESSENCE успокаивающая против несовершенств 30 мл","podruzhka","2026-09-17 17:26:32.047",1785,1320,"provisional"
"prod_6e4f288a9869d9a2","Сыворотка для лица `DR. ALTHEA` SKIN RELIEF ESSENCE успокаивающая против несовершенств 30 мл","podruzhka","2026-09-17 17:36:36.728",1785,1320,"provisional"
"prod_6e4f288a9869d9a2","Сыворотка для лица `DR. ALTHEA` SKIN RELIEF ESSENCE успокаивающая против несовершенств 30 мл","podruzhka","2026-09-17 17:46:41.429",1785,1320,"provisional"
"prod_6e4f288a9869d9a2","Сыворотка для лица `DR. ALTHEA` SKIN RELIEF ESSENCE успокаивающая против несовершенств 30 мл","podruzhka","2026-09-17 17:56:47.457",1785,1320,"provisional"
"prod_6e4f288a9869d9a2","Сыворотка для лица `DR. ALTHEA` SKIN RELIEF ESSENCE успокаивающая против несовершенств 30 мл","podruzhka","2026-09-17 18:06:52.477",1785,1320,"provisional"
"prod_6e4f288a9869d9a2","Сыворотка для лица `DR. ALTHEA` SKIN RELIEF ESSENCE успокаивающая против несовершенств 30 мл","podruzhka","2026-09-17 18:16:58.639",1785,1320,"provisional"
"prod_6e4f288a9869d9a2","Сыворотка для лица `DR. ALTHEA` SKIN RELIEF ESSENCE успокаивающая против несовершенств 30 мл","podruzhka","2026-09-17 18:27:03.061",1785,1320,"provisional"
"prod_6e4f288a9869d9a2","Сыворотка для лица `DR. ALTHEA` SKIN RELIEF ESSENCE успокаивающая против несовершенств 30 мл","podruzhka","2026-09-17 18:37:08.830",1785,1320,"provisional"
"prod_6e4f288a9869d9a2","Сыворотка для лица `DR. ALTHEA` SKIN RELIEF ESSENCE успокаивающая против несовершенств 30 мл","podruzhka","2026-09-17 18:47:13.244",1785,1320,"provisional"
"prod_6e4f288a9869d9a2","Сыворотка для лица `DR. ALTHEA` SKIN RELIEF ESSENCE успокаивающая против несовершенств 30 мл","podruzhka","2026-09-17 18:57:17.327",1785,1320,"provisional"
"prod_6e4f288a9869d9a2","Сыворотка для лица `DR. ALTHEA` SKIN RELIEF ESSENCE успокаивающая против несовершенств 30 мл","podruzhka","2026-09-17 19:07:21.440",1785,1320,"provisional"
"prod_6e4f288a9869d9a2","Сыворотка для лица `DR. ALTHEA` SKIN RELIEF ESSENCE успокаивающая против несовершенств 30 мл","podruzhka","2026-09-17 19:17:24.861",1785,1320,"provisional"
"prod_6e4f288a9869d9a2","Сыворотка для лица `DR. ALTHEA` SKIN RELIEF ESSENCE успокаивающая против несовершенств 30 мл","podruzhka","2026-09-17 19:27:27.982",1785,1320,"provisional"
"prod_6e4f288a9869d9a2","Сыворотка для лица `DR. ALTHEA` SKIN RELIEF ESSENCE успокаивающая против несовершенств 30 мл","podruzhka","2026-09-17 19:37:31.674",1785,1320,"provisional"
"prod_6e5d8b4717e75beb","Стиральная машина Samsung WW60AG4S00CELD","holodilnik","2026-09-17 16:56:15.149",36990,34399,"provisional"
"prod_6e5d8b4717e75beb","Стиральная машина Samsung WW60AG4S00CELD","holodilnik","2026-09-17 17:06:16.576",36990,34399,"provisional"
"prod_6e5d8b4717e75beb","Стиральная машина Samsung WW60AG4S00CELD","holodilnik","2026-09-17 17:16:17.427",36990,34399,"provisional"
"prod_6e5d8b4717e75beb","Стиральная машина Samsung WW60AG4S00CELD","holodilnik","2026-09-17 17:26:18.311",36990,34399,"provisional"
"prod_6e5d8b4717e75beb","Стиральная машина Samsung WW60AG4S00CELD","holodilnik","2026-09-17 17:36:18.931",36990,34399,"provisional"
"prod_6e5d8b4717e75beb","Стиральная машина Samsung WW60AG4S00CELD","holodilnik","2026-09-17 17:46:19.535",36990,34399,"provisional"
"prod_6e5d8b4717e75beb","Стиральная машина Samsung WW60AG4S00CELD","holodilnik","2026-09-17 17:56:20.190",36990,34399,"provisional"
"prod_6e5d8b4717e75beb","Стиральная машина Samsung WW60AG4S00CELD","holodilnik","2026-09-17 18:06:20.820",36990,34399,"provisional"
"prod_6e5d8b4717e75beb","Стиральная машина Samsung WW60AG4S00CELD","holodilnik","2026-09-17 18:16:21.515",36990,34399,"provisional"
"prod_6e5d8b4717e75beb","Стиральная машина Samsung WW60AG4S00CELD","holodilnik","2026-09-17 18:26:22.193",36990,34399,"provisional"
"prod_6e5d8b4717e75beb","Стиральная машина Samsung WW60AG4S00CELD","holodilnik","2026-09-17 18:36:23.751",36990,34399,"provisional"
"prod_6e5d8b4717e75beb","Стиральная машина Samsung WW60AG4S00CELD","holodilnik","2026-09-17 18:46:24.356",36990,34399,"provisional"
"prod_6e5d8b4717e75beb","Стиральная машина Samsung WW60AG4S00CELD","holodilnik","2026-09-17 18:56:25.055",36990,34399,"provisional"
"prod_6e5d8b4717e75beb","Стиральная машина Samsung WW60AG4S00CELD","holodilnik","2026-09-17 19:06:25.706",36990,34399,"provisional"
"prod_6e5d8b4717e75beb","Стиральная машина Samsung WW60AG4S00CELD","holodilnik","2026-09-17 19:16:26.485",36990,34399,"provisional"
"prod_6e5d8b4717e75beb","Стиральная машина Samsung WW60AG4S00CELD","holodilnik","2026-09-17 19:26:27.037",36990,34399,"provisional"
"prod_6e5d8b4717e75beb","Стиральная машина Samsung WW60AG4S00CELD","holodilnik","2026-09-17 19:36:27.836",36990,34399,"provisional"
"prod_6f685630f66e9218","Погремушка ND Play Веселый кролик NDT-004","mvideo","2026-09-17 16:56:15.970",860,824,"provisional"
"prod_6f685630f66e9218","Погремушка ND Play Веселый кролик NDT-004","mvideo","2026-09-17 17:06:18.252",860,824,"provisional"
"prod_6f685630f66e9218","Погремушка ND Play Веселый кролик NDT-004","mvideo","2026-09-17 17:16:19.885",860,824,"provisional"
"prod_6f685630f66e9218","Погремушка ND Play Веселый кролик NDT-004","mvideo","2026-09-17 17:26:21.361",860,824,"provisional"
"prod_6f685630f66e9218","Погремушка ND Play Веселый кролик NDT-004","mvideo","2026-09-17 17:36:22.869",860,824,"provisional"
"prod_6f685630f66e9218","Погремушка ND Play Веселый кролик NDT-004","mvideo","2026-09-17 17:46:24.482",860,824,"provisional"
"prod_6f685630f66e9218","Погремушка ND Play Веселый кролик NDT-004","mvideo","2026-09-17 17:56:26.052",860,824,"provisional"
"prod_6f685630f66e9218","Погремушка ND Play Веселый кролик NDT-004","mvideo","2026-09-17 18:06:27.718",860,824,"provisional"
"prod_6f685630f66e9218","Погремушка ND Play Веселый кролик NDT-004","mvideo","2026-09-17 18:16:29.181",860,824,"provisional"
"prod_6f685630f66e9218","Погремушка ND Play Веселый кролик NDT-004","mvideo","2026-09-17 18:26:31.048",860,824,"provisional"
"prod_6f685630f66e9218","Погремушка ND Play Веселый кролик NDT-004","mvideo","2026-09-17 18:36:32.717",860,824,"provisional"
"prod_6f685630f66e9218","Погремушка ND Play Веселый кролик NDT-004","mvideo","2026-09-17 18:46:34.368",860,824,"provisional"
"prod_6f685630f66e9218","Погремушка ND Play Веселый кролик NDT-004","mvideo","2026-09-17 18:56:36.047",860,824,"provisional"
"prod_6f685630f66e9218","Погремушка ND Play Веселый кролик NDT-004","mvideo","2026-09-17 19:06:37.918",860,824,"provisional"
"prod_6f685630f66e9218","Погремушка ND Play Веселый кролик NDT-004","mvideo","2026-09-17 19:16:39.787",860,824,"provisional"
"prod_6f685630f66e9218","Погремушка ND Play Веселый кролик NDT-004","mvideo","2026-09-17 19:26:41.223",860,824,"provisional"
"prod_6f685630f66e9218","Погремушка ND Play Веселый кролик NDT-004","mvideo","2026-09-17 19:36:42.966",860,824,"provisional"
"prod_6fae1d12871bd861","Lotion Tonique Hydratante Увлажняющий тоник для нормальной и сухой кожи","iledebeaute","2026-09-17 16:56:44.477",3200,2240,"provisional"
"prod_6fae1d12871bd861","Lotion Tonique Hydratante Увлажняющий тоник для нормальной и сухой кожи","iledebeaute","2026-09-17 17:07:34.728",3200,2240,"provisional"
"prod_6fae1d12871bd861","Lotion Tonique Hydratante Увлажняющий тоник для нормальной и сухой кожи","iledebeaute","2026-09-17 17:18:25.060",3200,2240,"provisional"
"prod_6fae1d12871bd861","Lotion Tonique Hydratante Увлажняющий тоник для нормальной и сухой кожи","iledebeaute","2026-09-17 17:29:13.341",3200,2240,"provisional"
"prod_6fae1d12871bd861","Lotion Tonique Hydratante Увлажняющий тоник для нормальной и сухой кожи","iledebeaute","2026-09-17 17:40:02.813",3200,2240,"provisional"
"prod_6fae1d12871bd861","Lotion Tonique Hydratante Увлажняющий тоник для нормальной и сухой кожи","iledebeaute","2026-09-17 17:50:51.777",3200,2240,"provisional"
"prod_6fae1d12871bd861","Lotion Tonique Hydratante Увлажняющий тоник для нормальной и сухой кожи","iledebeaute","2026-09-17 18:01:41.247",3200,2240,"provisional"
"prod_6fae1d12871bd861","Lotion Tonique Hydratante Увлажняющий тоник для нормальной и сухой кожи","iledebeaute","2026-09-17 18:12:29.711",3200,2240,"provisional"
"prod_6fae1d12871bd861","Lotion Tonique Hydratante Увлажняющий тоник для нормальной и сухой кожи","iledebeaute","2026-09-17 18:23:18.311",3200,2240,"provisional"
"prod_6fae1d12871bd861","Lotion Tonique Hydratante Увлажняющий тоник для нормальной и сухой кожи","iledebeaute","2026-09-17 18:34:07.584",3200,2240,"provisional"
"prod_6fae1d12871bd861","Lotion Tonique Hydratante Увлажняющий тоник для нормальной и сухой кожи","iledebeaute","2026-09-17 18:44:55.982",3200,2240,"provisional"
"prod_6fae1d12871bd861","Lotion Tonique Hydratante Увлажняющий тоник для нормальной и сухой кожи","iledebeaute","2026-09-17 18:55:45.009",3200,2240,"provisional"
"prod_6fae1d12871bd861","Lotion Tonique Hydratante Увлажняющий тоник для нормальной и сухой кожи","iledebeaute","2026-09-17 19:06:34.106",3200,2240,"provisional"
"prod_6fae1d12871bd861","Lotion Tonique Hydratante Увлажняющий тоник для нормальной и сухой кожи","iledebeaute","2026-09-17 19:17:22.667",3200,2240,"provisional"
"prod_6fae1d12871bd861","Lotion Tonique Hydratante Увлажняющий тоник для нормальной и сухой кожи","iledebeaute","2026-09-17 19:28:13.076",3200,2240,"provisional"
"prod_6fae1d12871bd861","Lotion Tonique Hydratante Увлажняющий тоник для нормальной и сухой кожи","iledebeaute","2026-09-17 19:39:02.214",3200,2240,"provisional"
"prod_6fe50946c0cfb29b","Гель-ламинатор для бровей `LUXVISAGE` BROW LAMINATOR суперсильной фиксации тон Бесцветный","podruzhka","2026-09-17 16:56:15.892",411,226,"provisional"
"prod_6fe50946c0cfb29b","Гель-ламинатор для бровей `LUXVISAGE` BROW LAMINATOR суперсильной фиксации тон Бесцветный","podruzhka","2026-09-17 17:06:21.005",411,226,"provisional"
"prod_6fe50946c0cfb29b","Гель-ламинатор для бровей `LUXVISAGE` BROW LAMINATOR суперсильной фиксации тон Бесцветный","podruzhka","2026-09-17 17:16:25.111",411,226,"provisional"
"prod_6fe50946c0cfb29b","Гель-ламинатор для бровей `LUXVISAGE` BROW LAMINATOR суперсильной фиксации тон Бесцветный","podruzhka","2026-09-17 17:26:29.152",411,226,"provisional"
"prod_6fe50946c0cfb29b","Гель-ламинатор для бровей `LUXVISAGE` BROW LAMINATOR суперсильной фиксации тон Бесцветный","podruzhka","2026-09-17 17:36:33.938",411,226,"provisional"
"prod_6fe50946c0cfb29b","Гель-ламинатор для бровей `LUXVISAGE` BROW LAMINATOR суперсильной фиксации тон Бесцветный","podruzhka","2026-09-17 17:46:37.998",411,226,"provisional"
"prod_6fe50946c0cfb29b","Гель-ламинатор для бровей `LUXVISAGE` BROW LAMINATOR суперсильной фиксации тон Бесцветный","podruzhka","2026-09-17 17:56:44.562",411,226,"provisional"
"prod_6fe50946c0cfb29b","Гель-ламинатор для бровей `LUXVISAGE` BROW LAMINATOR суперсильной фиксации тон Бесцветный","podruzhka","2026-09-17 18:06:49.602",411,226,"provisional"
"prod_6fe50946c0cfb29b","Гель-ламинатор для бровей `LUXVISAGE` BROW LAMINATOR суперсильной фиксации тон Бесцветный","podruzhka","2026-09-17 18:16:53.642",411,226,"provisional"
"prod_6fe50946c0cfb29b","Гель-ламинатор для бровей `LUXVISAGE` BROW LAMINATOR суперсильной фиксации тон Бесцветный","podruzhka","2026-09-17 18:26:59.939",411,226,"provisional"
"prod_6fe50946c0cfb29b","Гель-ламинатор для бровей `LUXVISAGE` BROW LAMINATOR суперсильной фиксации тон Бесцветный","podruzhka","2026-09-17 18:37:06.007",411,226,"provisional"
"prod_6fe50946c0cfb29b","Гель-ламинатор для бровей `LUXVISAGE` BROW LAMINATOR суперсильной фиксации тон Бесцветный","podruzhka","2026-09-17 18:47:10.588",411,226,"provisional"
"prod_6fe50946c0cfb29b","Гель-ламинатор для бровей `LUXVISAGE` BROW LAMINATOR суперсильной фиксации тон Бесцветный","podruzhka","2026-09-17 18:57:14.507",411,226,"provisional"
"prod_6fe50946c0cfb29b","Гель-ламинатор для бровей `LUXVISAGE` BROW LAMINATOR суперсильной фиксации тон Бесцветный","podruzhka","2026-09-17 19:07:18.712",411,226,"provisional"
"prod_6fe50946c0cfb29b","Гель-ламинатор для бровей `LUXVISAGE` BROW LAMINATOR суперсильной фиксации тон Бесцветный","podruzhka","2026-09-17 19:17:22.710",411,226,"provisional"
"prod_6fe50946c0cfb29b","Гель-ламинатор для бровей `LUXVISAGE` BROW LAMINATOR суперсильной фиксации тон Бесцветный","podruzhka","2026-09-17 19:27:25.511",411,226,"provisional"
"prod_6fe50946c0cfb29b","Гель-ламинатор для бровей `LUXVISAGE` BROW LAMINATOR суперсильной фиксации тон Бесцветный","podruzhka","2026-09-17 19:37:28.683",411,226,"provisional"
"prod_74b2d50e138d2d0a","Шина для мотоциклов Anlas Capra-R 100/90-19 57H","mvideo","2026-09-17 16:56:15.974",18500,14784,"provisional"
"prod_74b2d50e138d2d0a","Шина для мотоциклов Anlas Capra-R 100/90-19 57H","mvideo","2026-09-17 17:06:18.257",18500,14784,"provisional"
"prod_74b2d50e138d2d0a","Шина для мотоциклов Anlas Capra-R 100/90-19 57H","mvideo","2026-09-17 17:16:19.888",18500,14784,"provisional"
"prod_74b2d50e138d2d0a","Шина для мотоциклов Anlas Capra-R 100/90-19 57H","mvideo","2026-09-17 17:26:21.365",18500,14784,"provisional"
"prod_74b2d50e138d2d0a","Шина для мотоциклов Anlas Capra-R 100/90-19 57H","mvideo","2026-09-17 17:36:22.873",18500,14784,"provisional"
"prod_74b2d50e138d2d0a","Шина для мотоциклов Anlas Capra-R 100/90-19 57H","mvideo","2026-09-17 17:46:24.486",18500,14784,"provisional"
"prod_74b2d50e138d2d0a","Шина для мотоциклов Anlas Capra-R 100/90-19 57H","mvideo","2026-09-17 17:56:26.056",18500,14784,"provisional"
"prod_74b2d50e138d2d0a","Шина для мотоциклов Anlas Capra-R 100/90-19 57H","mvideo","2026-09-17 18:06:27.721",18500,14784,"provisional"
"prod_74b2d50e138d2d0a","Шина для мотоциклов Anlas Capra-R 100/90-19 57H","mvideo","2026-09-17 18:16:29.185",18500,14784,"provisional"
"prod_74b2d50e138d2d0a","Шина для мотоциклов Anlas Capra-R 100/90-19 57H","mvideo","2026-09-17 18:26:31.052",18500,14784,"provisional"
"prod_74b2d50e138d2d0a","Шина для мотоциклов Anlas Capra-R 100/90-19 57H","mvideo","2026-09-17 18:36:32.721",18500,14784,"provisional"
"prod_74b2d50e138d2d0a","Шина для мотоциклов Anlas Capra-R 100/90-19 57H","mvideo","2026-09-17 18:46:34.372",18500,14784,"provisional"
"prod_74b2d50e138d2d0a","Шина для мотоциклов Anlas Capra-R 100/90-19 57H","mvideo","2026-09-17 18:56:36.051",18500,14784,"provisional"
"prod_74b2d50e138d2d0a","Шина для мотоциклов Anlas Capra-R 100/90-19 57H","mvideo","2026-09-17 19:06:37.924",18500,14784,"provisional"
"prod_74b2d50e138d2d0a","Шина для мотоциклов Anlas Capra-R 100/90-19 57H","mvideo","2026-09-17 19:16:39.795",18500,14784,"provisional"
"prod_74b2d50e138d2d0a","Шина для мотоциклов Anlas Capra-R 100/90-19 57H","mvideo","2026-09-17 19:26:41.227",18500,14784,"provisional"
"prod_74b2d50e138d2d0a","Шина для мотоциклов Anlas Capra-R 100/90-19 57H","mvideo","2026-09-17 19:36:42.970",18500,14784,"provisional"
"prod_754459bb5e9acffc","Мороженое Коровка из Кореновки Фисташковое пралине с макаронс и миндалем 15%, 300 г","magnit","2026-09-17 16:56:14.882",599.99,449.99,"provisional"
"prod_754459bb5e9acffc","Мороженое Коровка из Кореновки Фисташковое пралине с макаронс и миндалем 15%, 300 г","magnit","2026-09-17 17:06:16.538",599.99,449.99,"provisional"
"prod_754459bb5e9acffc","Мороженое Коровка из Кореновки Фисташковое пралине с макаронс и миндалем 15%, 300 г","magnit","2026-09-17 17:16:17.150",599.99,449.99,"provisional"
"prod_754459bb5e9acffc","Мороженое Коровка из Кореновки Фисташковое пралине с макаронс и миндалем 15%, 300 г","magnit","2026-09-17 17:26:17.688",599.99,449.99,"provisional"
"prod_754459bb5e9acffc","Мороженое Коровка из Кореновки Фисташковое пралине с макаронс и миндалем 15%, 300 г","magnit","2026-09-17 17:36:18.289",599.99,449.99,"provisional"
"prod_754459bb5e9acffc","Мороженое Коровка из Кореновки Фисташковое пралине с макаронс и миндалем 15%, 300 г","magnit","2026-09-17 17:46:19.272",599.99,449.99,"provisional"
"prod_754459bb5e9acffc","Мороженое Коровка из Кореновки Фисташковое пралине с макаронс и миндалем 15%, 300 г","magnit","2026-09-17 17:56:19.884",599.99,449.99,"provisional"
"prod_754459bb5e9acffc","Мороженое Коровка из Кореновки Фисташковое пралине с макаронс и миндалем 15%, 300 г","magnit","2026-09-17 18:06:20.677",599.99,449.99,"provisional"
"prod_754459bb5e9acffc","Мороженое Коровка из Кореновки Фисташковое пралине с макаронс и миндалем 15%, 300 г","magnit","2026-09-17 18:16:21.226",599.99,449.99,"provisional"
"prod_754459bb5e9acffc","Мороженое Коровка из Кореновки Фисташковое пралине с макаронс и миндалем 15%, 300 г","magnit","2026-09-17 18:26:21.914",599.99,449.99,"provisional"
"prod_754459bb5e9acffc","Мороженое Коровка из Кореновки Фисташковое пралине с макаронс и миндалем 15%, 300 г","magnit","2026-09-17 18:36:23.427",599.99,449.99,"provisional"
"prod_754459bb5e9acffc","Мороженое Коровка из Кореновки Фисташковое пралине с макаронс и миндалем 15%, 300 г","magnit","2026-09-17 18:46:24.064",599.99,449.99,"provisional"
"prod_754459bb5e9acffc","Мороженое Коровка из Кореновки Фисташковое пралине с макаронс и миндалем 15%, 300 г","magnit","2026-09-17 18:56:24.986",599.99,449.99,"provisional"
"prod_754459bb5e9acffc","Мороженое Коровка из Кореновки Фисташковое пралине с макаронс и миндалем 15%, 300 г","magnit","2026-09-17 19:06:25.894",599.99,449.99,"provisional"
"prod_754459bb5e9acffc","Мороженое Коровка из Кореновки Фисташковое пралине с макаронс и миндалем 15%, 300 г","magnit","2026-09-17 19:16:26.724",599.99,449.99,"provisional"
"prod_754459bb5e9acffc","Мороженое Коровка из Кореновки Фисташковое пралине с макаронс и миндалем 15%, 300 г","magnit","2026-09-17 19:26:27.334",599.99,449.99,"provisional"
"prod_754459bb5e9acffc","Мороженое Коровка из Кореновки Фисташковое пралине с макаронс и миндалем 15%, 300 г","magnit","2026-09-17 19:36:28.190",599.99,449.99,"provisional"
"prod_7b32c23583c4f079","Фетальный допплер для беременных домашний","mvideo","2026-09-17 16:56:15.986",3500,1381,"provisional"
"prod_7b32c23583c4f079","Фетальный допплер для беременных домашний","mvideo","2026-09-17 17:06:18.271",3500,1381,"provisional"
"prod_7b32c23583c4f079","Фетальный допплер для беременных домашний","mvideo","2026-09-17 17:16:19.898",3500,1381,"provisional"
"prod_7b32c23583c4f079","Фетальный допплер для беременных домашний","mvideo","2026-09-17 17:26:21.374",3500,1381,"provisional"
"prod_7b32c23583c4f079","Фетальный допплер для беременных домашний","mvideo","2026-09-17 17:36:22.882",3500,1381,"provisional"
"prod_7b32c23583c4f079","Фетальный допплер для беременных домашний","mvideo","2026-09-17 17:46:24.495",3500,1381,"provisional"
"prod_7b32c23583c4f079","Фетальный допплер для беременных домашний","mvideo","2026-09-17 17:56:26.070",3500,1381,"provisional"
"prod_7b32c23583c4f079","Фетальный допплер для беременных домашний","mvideo","2026-09-17 18:06:27.731",3500,1381,"provisional"
"prod_7b32c23583c4f079","Фетальный допплер для беременных домашний","mvideo","2026-09-17 18:16:29.196",3500,1381,"provisional"
"prod_7b32c23583c4f079","Фетальный допплер для беременных домашний","mvideo","2026-09-17 18:26:31.063",3500,1381,"provisional"
"prod_7b32c23583c4f079","Фетальный допплер для беременных домашний","mvideo","2026-09-17 18:36:32.732",3500,1381,"provisional"
"prod_7b32c23583c4f079","Фетальный допплер для беременных домашний","mvideo","2026-09-17 18:46:34.384",3500,1381,"provisional"
"prod_7b32c23583c4f079","Фетальный допплер для беременных домашний","mvideo","2026-09-17 18:56:36.060",3500,1381,"provisional"
"prod_7b32c23583c4f079","Фетальный допплер для беременных домашний","mvideo","2026-09-17 19:06:37.934",3500,1381,"provisional"
"prod_7b32c23583c4f079","Фетальный допплер для беременных домашний","mvideo","2026-09-17 19:16:39.814",3500,1381,"provisional"
"prod_7b32c23583c4f079","Фетальный допплер для беременных домашний","mvideo","2026-09-17 19:26:41.236",3500,1381,"provisional"
"prod_7b32c23583c4f079","Фетальный допплер для беременных домашний","mvideo","2026-09-17 19:36:42.981",3500,1381,"provisional"
"prod_7d11e51f7aad2c8f","FLAMINGO BLUSH Набор для макияжа","iledebeaute","2026-09-17 16:56:25.094",4990,499,"provisional"
"prod_7d11e51f7aad2c8f","FLAMINGO BLUSH Набор для макияжа","iledebeaute","2026-09-17 17:07:14.913",4990,499,"provisional"
"prod_7d11e51f7aad2c8f","FLAMINGO BLUSH Набор для макияжа","iledebeaute","2026-09-17 17:18:06.044",4990,499,"provisional"
"prod_7d11e51f7aad2c8f","FLAMINGO BLUSH Набор для макияжа","iledebeaute","2026-09-17 17:28:54.384",4990,499,"provisional"
"prod_7d11e51f7aad2c8f","FLAMINGO BLUSH Набор для макияжа","iledebeaute","2026-09-17 17:39:43.244",4990,499,"provisional"
"prod_7d11e51f7aad2c8f","FLAMINGO BLUSH Набор для макияжа","iledebeaute","2026-09-17 17:50:32.703",4990,499,"provisional"
"prod_7d11e51f7aad2c8f","FLAMINGO BLUSH Набор для макияжа","iledebeaute","2026-09-17 18:01:22.255",4990,499,"provisional"
"prod_7d11e51f7aad2c8f","FLAMINGO BLUSH Набор для макияжа","iledebeaute","2026-09-17 18:12:10.438",4990,499,"provisional"
"prod_7d11e51f7aad2c8f","FLAMINGO BLUSH Набор для макияжа","iledebeaute","2026-09-17 18:22:59.031",4990,499,"provisional"
"prod_7d11e51f7aad2c8f","FLAMINGO BLUSH Набор для макияжа","iledebeaute","2026-09-17 18:33:48.006",4990,499,"provisional"
"prod_7d11e51f7aad2c8f","FLAMINGO BLUSH Набор для макияжа","iledebeaute","2026-09-17 18:44:37.163",4990,499,"provisional"
"prod_7d11e51f7aad2c8f","FLAMINGO BLUSH Набор для макияжа","iledebeaute","2026-09-17 18:55:25.565",4990,499,"provisional"
"prod_7d11e51f7aad2c8f","FLAMINGO BLUSH Набор для макияжа","iledebeaute","2026-09-17 19:06:14.660",4990,499,"provisional"
"prod_7d11e51f7aad2c8f","FLAMINGO BLUSH Набор для макияжа","iledebeaute","2026-09-17 19:17:03.662",4990,499,"provisional"
"prod_7d11e51f7aad2c8f","FLAMINGO BLUSH Набор для макияжа","iledebeaute","2026-09-17 19:27:53.619",4990,499,"provisional"
"prod_7d11e51f7aad2c8f","FLAMINGO BLUSH Набор для макияжа","iledebeaute","2026-09-17 19:38:43.070",4990,499,"provisional"
"prod_806189b4ec6b9264","Стиральная машина Candy Aquamatic Evo AQUE 1043D-07","holodilnik","2026-09-17 16:56:15.178",37999,29699,"provisional"
"prod_806189b4ec6b9264","Стиральная машина Candy Aquamatic Evo AQUE 1043D-07","holodilnik","2026-09-17 17:06:16.599",37999,29699,"provisional"
"prod_806189b4ec6b9264","Стиральная машина Candy Aquamatic Evo AQUE 1043D-07","holodilnik","2026-09-17 17:16:17.441",37999,29699,"provisional"
"prod_806189b4ec6b9264","Стиральная машина Candy Aquamatic Evo AQUE 1043D-07","holodilnik","2026-09-17 17:26:18.326",37999,29699,"provisional"
"prod_806189b4ec6b9264","Стиральная машина Candy Aquamatic Evo AQUE 1043D-07","holodilnik","2026-09-17 17:36:18.946",37999,29699,"provisional"
"prod_806189b4ec6b9264","Стиральная машина Candy Aquamatic Evo AQUE 1043D-07","holodilnik","2026-09-17 17:46:19.551",37999,29699,"provisional"
"prod_806189b4ec6b9264","Стиральная машина Candy Aquamatic Evo AQUE 1043D-07","holodilnik","2026-09-17 17:56:20.204",37999,29699,"provisional"
"prod_806189b4ec6b9264","Стиральная машина Candy Aquamatic Evo AQUE 1043D-07","holodilnik","2026-09-17 18:06:20.836",37999,29699,"provisional"
"prod_806189b4ec6b9264","Стиральная машина Candy Aquamatic Evo AQUE 1043D-07","holodilnik","2026-09-17 18:16:21.529",37999,29699,"provisional"
"prod_806189b4ec6b9264","Стиральная машина Candy Aquamatic Evo AQUE 1043D-07","holodilnik","2026-09-17 18:26:22.208",37999,29699,"provisional"
"prod_806189b4ec6b9264","Стиральная машина Candy Aquamatic Evo AQUE 1043D-07","holodilnik","2026-09-17 18:36:23.766",37999,29699,"provisional"
"prod_806189b4ec6b9264","Стиральная машина Candy Aquamatic Evo AQUE 1043D-07","holodilnik","2026-09-17 18:46:24.371",37999,29699,"provisional"
"prod_806189b4ec6b9264","Стиральная машина Candy Aquamatic Evo AQUE 1043D-07","holodilnik","2026-09-17 18:56:25.077",37999,29699,"provisional"
"prod_806189b4ec6b9264","Стиральная машина Candy Aquamatic Evo AQUE 1043D-07","holodilnik","2026-09-17 19:06:25.722",37999,29699,"provisional"
"prod_806189b4ec6b9264","Стиральная машина Candy Aquamatic Evo AQUE 1043D-07","holodilnik","2026-09-17 19:16:26.498",37999,29699,"provisional"
"prod_806189b4ec6b9264","Стиральная машина Candy Aquamatic Evo AQUE 1043D-07","holodilnik","2026-09-17 19:26:27.052",37999,29699,"provisional"
"prod_806189b4ec6b9264","Стиральная машина Candy Aquamatic Evo AQUE 1043D-07","holodilnik","2026-09-17 19:36:27.851",37999,29699,"provisional"
"prod_82bc7653e01f6c78","Стиральная машина Haier HW60-BP12919A","holodilnik","2026-09-17 16:56:15.174",43999,29199,"provisional"
"prod_82bc7653e01f6c78","Стиральная машина Haier HW60-BP12919A","holodilnik","2026-09-17 17:06:16.596",43999,29199,"provisional"
"prod_82bc7653e01f6c78","Стиральная машина Haier HW60-BP12919A","holodilnik","2026-09-17 17:16:17.440",43999,29199,"provisional"
"prod_82bc7653e01f6c78","Стиральная машина Haier HW60-BP12919A","holodilnik","2026-09-17 17:26:18.324",43999,29199,"provisional"
"prod_82bc7653e01f6c78","Стиральная машина Haier HW60-BP12919A","holodilnik","2026-09-17 17:36:18.944",43999,29199,"provisional"
"prod_82bc7653e01f6c78","Стиральная машина Haier HW60-BP12919A","holodilnik","2026-09-17 17:46:19.549",43999,29199,"provisional"
"prod_82bc7653e01f6c78","Стиральная машина Haier HW60-BP12919A","holodilnik","2026-09-17 17:56:20.202",43999,29199,"provisional"
"prod_82bc7653e01f6c78","Стиральная машина Haier HW60-BP12919A","holodilnik","2026-09-17 18:06:20.835",43999,29199,"provisional"
"prod_82bc7653e01f6c78","Стиральная машина Haier HW60-BP12919A","holodilnik","2026-09-17 18:16:21.527",43999,29199,"provisional"
"prod_82bc7653e01f6c78","Стиральная машина Haier HW60-BP12919A","holodilnik","2026-09-17 18:26:22.207",43999,29199,"provisional"
"prod_82bc7653e01f6c78","Стиральная машина Haier HW60-BP12919A","holodilnik","2026-09-17 18:36:23.764",43999,29199,"provisional"
"prod_82bc7653e01f6c78","Стиральная машина Haier HW60-BP12919A","holodilnik","2026-09-17 18:46:24.369",43999,29199,"provisional"
"prod_82bc7653e01f6c78","Стиральная машина Haier HW60-BP12919A","holodilnik","2026-09-17 18:56:25.073",43999,29199,"provisional"
"prod_82bc7653e01f6c78","Стиральная машина Haier HW60-BP12919A","holodilnik","2026-09-17 19:06:25.720",43999,29199,"provisional"
"prod_82bc7653e01f6c78","Стиральная машина Haier HW60-BP12919A","holodilnik","2026-09-17 19:16:26.497",43999,29199,"provisional"
"prod_82bc7653e01f6c78","Стиральная машина Haier HW60-BP12919A","holodilnik","2026-09-17 19:26:27.051",43999,29199,"provisional"
"prod_82bc7653e01f6c78","Стиральная машина Haier HW60-BP12919A","holodilnik","2026-09-17 19:36:27.849",43999,29199,"provisional"
"prod_837c5d0c20295595","Irresistible Nude Velvet Парфюмерная вода","iledebeaute","2026-09-17 16:56:42.042",13680,9579,"provisional"
"prod_837c5d0c20295595","Irresistible Nude Velvet Парфюмерная вода","iledebeaute","2026-09-17 17:07:32.312",13680,9579,"provisional"
"prod_837c5d0c20295595","Irresistible Nude Velvet Парфюмерная вода","iledebeaute","2026-09-17 17:18:22.740",13680,9579,"provisional"
"prod_837c5d0c20295595","Irresistible Nude Velvet Парфюмерная вода","iledebeaute","2026-09-17 17:29:10.996",13680,9579,"provisional"
"prod_837c5d0c20295595","Irresistible Nude Velvet Парфюмерная вода","iledebeaute","2026-09-17 17:40:00.374",13680,9579,"provisional"
"prod_837c5d0c20295595","Irresistible Nude Velvet Парфюмерная вода","iledebeaute","2026-09-17 17:50:49.438",13680,9579,"provisional"
"prod_837c5d0c20295595","Irresistible Nude Velvet Парфюмерная вода","iledebeaute","2026-09-17 18:01:38.915",13680,9579,"provisional"
"prod_837c5d0c20295595","Irresistible Nude Velvet Парфюмерная вода","iledebeaute","2026-09-17 18:12:27.266",13680,9579,"provisional"
"prod_837c5d0c20295595","Irresistible Nude Velvet Парфюмерная вода","iledebeaute","2026-09-17 18:23:15.975",13680,9579,"provisional"
"prod_837c5d0c20295595","Irresistible Nude Velvet Парфюмерная вода","iledebeaute","2026-09-17 18:34:05.160",13680,9579,"provisional"
"prod_837c5d0c20295595","Irresistible Nude Velvet Парфюмерная вода","iledebeaute","2026-09-17 18:44:53.632",13680,9579,"provisional"
"prod_837c5d0c20295595","Irresistible Nude Velvet Парфюмерная вода","iledebeaute","2026-09-17 18:55:42.625",13680,9579,"provisional"
"prod_837c5d0c20295595","Irresistible Nude Velvet Парфюмерная вода","iledebeaute","2026-09-17 19:06:31.747",13680,9579,"provisional"
"prod_837c5d0c20295595","Irresistible Nude Velvet Парфюмерная вода","iledebeaute","2026-09-17 19:17:20.280",13680,9579,"provisional"
"prod_837c5d0c20295595","Irresistible Nude Velvet Парфюмерная вода","iledebeaute","2026-09-17 19:28:10.602",13680,9579,"provisional"
"prod_837c5d0c20295595","Irresistible Nude Velvet Парфюмерная вода","iledebeaute","2026-09-17 19:38:59.807",13680,9579,"provisional"
"prod_8a96220ea04780da","Lash Power Mascara Тушь для ресниц","iledebeaute","2026-09-17 16:56:51.615",4150,2490,"provisional"
"prod_8a96220ea04780da","Lash Power Mascara Тушь для ресниц","iledebeaute","2026-09-17 17:07:42.126",4150,2490,"provisional"
"prod_8a96220ea04780da","Lash Power Mascara Тушь для ресниц","iledebeaute","2026-09-17 17:18:32.092",4150,2490,"provisional"
"prod_8a96220ea04780da","Lash Power Mascara Тушь для ресниц","iledebeaute","2026-09-17 17:29:20.523",4150,2490,"provisional"
"prod_8a96220ea04780da","Lash Power Mascara Тушь для ресниц","iledebeaute","2026-09-17 17:40:10.050",4150,2490,"provisional"
"prod_8a96220ea04780da","Lash Power Mascara Тушь для ресниц","iledebeaute","2026-09-17 17:51:00.173",4150,2490,"provisional"
"prod_8a96220ea04780da","Lash Power Mascara Тушь для ресниц","iledebeaute","2026-09-17 18:01:48.368",4150,2490,"provisional"
"prod_8a96220ea04780da","Lash Power Mascara Тушь для ресниц","iledebeaute","2026-09-17 18:12:36.757",4150,2490,"provisional"
"prod_8a96220ea04780da","Lash Power Mascara Тушь для ресниц","iledebeaute","2026-09-17 18:23:25.500",4150,2490,"provisional"
"prod_8a96220ea04780da","Lash Power Mascara Тушь для ресниц","iledebeaute","2026-09-17 18:34:14.833",4150,2490,"provisional"
"prod_8a96220ea04780da","Lash Power Mascara Тушь для ресниц","iledebeaute","2026-09-17 18:45:03.185",4150,2490,"provisional"
"prod_8a96220ea04780da","Lash Power Mascara Тушь для ресниц","iledebeaute","2026-09-17 18:55:52.143",4150,2490,"provisional"
"prod_8a96220ea04780da","Lash Power Mascara Тушь для ресниц","iledebeaute","2026-09-17 19:06:41.315",4150,2490,"provisional"
"prod_8a96220ea04780da","Lash Power Mascara Тушь для ресниц","iledebeaute","2026-09-17 19:17:29.928",4150,2490,"provisional"
"prod_8a96220ea04780da","Lash Power Mascara Тушь для ресниц","iledebeaute","2026-09-17 19:28:20.268",4150,2490,"provisional"
"prod_8a96220ea04780da","Lash Power Mascara Тушь для ресниц","iledebeaute","2026-09-17 19:39:09.304",4150,2490,"provisional"
"prod_8bf6bbd403655071","Машина отрезная прямая пневматическая Concorde композитная CD-SG20000C","mvideo","2026-09-17 16:56:15.981",8722,2169,"provisional"
"prod_8bf6bbd403655071","Машина отрезная прямая пневматическая Concorde композитная CD-SG20000C","mvideo","2026-09-17 17:06:18.263",8722,2169,"provisional"
"prod_8bf6bbd403655071","Машина отрезная прямая пневматическая Concorde композитная CD-SG20000C","mvideo","2026-09-17 17:16:19.894",8722,2169,"provisional"
"prod_8bf6bbd403655071","Машина отрезная прямая пневматическая Concorde композитная CD-SG20000C","mvideo","2026-09-17 17:26:21.370",8722,2169,"provisional"
"prod_8bf6bbd403655071","Машина отрезная прямая пневматическая Concorde композитная CD-SG20000C","mvideo","2026-09-17 17:36:22.878",8722,2169,"provisional"
"prod_8bf6bbd403655071","Машина отрезная прямая пневматическая Concorde композитная CD-SG20000C","mvideo","2026-09-17 17:46:24.492",8722,2169,"provisional"
"prod_8bf6bbd403655071","Машина отрезная прямая пневматическая Concorde композитная CD-SG20000C","mvideo","2026-09-17 17:56:26.062",8722,2169,"provisional"
"prod_8bf6bbd403655071","Машина отрезная прямая пневматическая Concorde композитная CD-SG20000C","mvideo","2026-09-17 18:06:27.727",8722,2169,"provisional"
"prod_8bf6bbd403655071","Машина отрезная прямая пневматическая Concorde композитная CD-SG20000C","mvideo","2026-09-17 18:16:29.191",8722,2169,"provisional"
"prod_8bf6bbd403655071","Машина отрезная прямая пневматическая Concorde композитная CD-SG20000C","mvideo","2026-09-17 18:26:31.058",8722,2169,"provisional"
"prod_8bf6bbd403655071","Машина отрезная прямая пневматическая Concorde композитная CD-SG20000C","mvideo","2026-09-17 18:36:32.728",8722,2169,"provisional"
"prod_8bf6bbd403655071","Машина отрезная прямая пневматическая Concorde композитная CD-SG20000C","mvideo","2026-09-17 18:46:34.379",8722,2169,"provisional"
"prod_8bf6bbd403655071","Машина отрезная прямая пневматическая Concorde композитная CD-SG20000C","mvideo","2026-09-17 18:56:36.056",8722,2169,"provisional"
"prod_8bf6bbd403655071","Машина отрезная прямая пневматическая Concorde композитная CD-SG20000C","mvideo","2026-09-17 19:06:37.930",8722,2169,"provisional"
"prod_8bf6bbd403655071","Машина отрезная прямая пневматическая Concorde композитная CD-SG20000C","mvideo","2026-09-17 19:16:39.807",8722,2169,"provisional"
"prod_8bf6bbd403655071","Машина отрезная прямая пневматическая Concorde композитная CD-SG20000C","mvideo","2026-09-17 19:26:41.233",8722,2169,"provisional"
"prod_8bf6bbd403655071","Машина отрезная прямая пневматическая Concorde композитная CD-SG20000C","mvideo","2026-09-17 19:36:42.976",8722,2169,"provisional"
"prod_90aa2d1be4893a8f","Противень для духовки MEFERI BT01 65 л 478 x 365 x 31 , глубокий","mvideo","2026-09-17 16:56:15.972",3205,2399,"provisional"
"prod_90aa2d1be4893a8f","Противень для духовки MEFERI BT01 65 л 478 x 365 x 31 , глубокий","mvideo","2026-09-17 17:06:18.254",3205,2399,"provisional"
"prod_90aa2d1be4893a8f","Противень для духовки MEFERI BT01 65 л 478 x 365 x 31 , глубокий","mvideo","2026-09-17 17:16:19.887",3205,2399,"provisional"
"prod_90aa2d1be4893a8f","Противень для духовки MEFERI BT01 65 л 478 x 365 x 31 , глубокий","mvideo","2026-09-17 17:26:21.363",3205,2399,"provisional"
"prod_90aa2d1be4893a8f","Противень для духовки MEFERI BT01 65 л 478 x 365 x 31 , глубокий","mvideo","2026-09-17 17:36:22.871",3205,2399,"provisional"
"prod_90aa2d1be4893a8f","Противень для духовки MEFERI BT01 65 л 478 x 365 x 31 , глубокий","mvideo","2026-09-17 17:46:24.484",3205,2399,"provisional"
"prod_90aa2d1be4893a8f","Противень для духовки MEFERI BT01 65 л 478 x 365 x 31 , глубокий","mvideo","2026-09-17 17:56:26.054",3205,2399,"provisional"
"prod_90aa2d1be4893a8f","Противень для духовки MEFERI BT01 65 л 478 x 365 x 31 , глубокий","mvideo","2026-09-17 18:06:27.719",3205,2399,"provisional"
"prod_90aa2d1be4893a8f","Противень для духовки MEFERI BT01 65 л 478 x 365 x 31 , глубокий","mvideo","2026-09-17 18:16:29.183",3205,2399,"provisional"
"prod_90aa2d1be4893a8f","Противень для духовки MEFERI BT01 65 л 478 x 365 x 31 , глубокий","mvideo","2026-09-17 18:26:31.050",3205,2399,"provisional"
"prod_90aa2d1be4893a8f","Противень для духовки MEFERI BT01 65 л 478 x 365 x 31 , глубокий","mvideo","2026-09-17 18:36:32.719",3205,2399,"provisional"
"prod_90aa2d1be4893a8f","Противень для духовки MEFERI BT01 65 л 478 x 365 x 31 , глубокий","mvideo","2026-09-17 18:46:34.370",3205,2399,"provisional"
"prod_90aa2d1be4893a8f","Противень для духовки MEFERI BT01 65 л 478 x 365 x 31 , глубокий","mvideo","2026-09-17 18:56:36.049",3205,2399,"provisional"
"prod_90aa2d1be4893a8f","Противень для духовки MEFERI BT01 65 л 478 x 365 x 31 , глубокий","mvideo","2026-09-17 19:06:37.920",3205,2399,"provisional"
"prod_90aa2d1be4893a8f","Противень для духовки MEFERI BT01 65 л 478 x 365 x 31 , глубокий","mvideo","2026-09-17 19:16:39.791",3205,2399,"provisional"
"prod_90aa2d1be4893a8f","Противень для духовки MEFERI BT01 65 л 478 x 365 x 31 , глубокий","mvideo","2026-09-17 19:26:41.225",3205,2399,"provisional"
"prod_90aa2d1be4893a8f","Противень для духовки MEFERI BT01 65 л 478 x 365 x 31 , глубокий","mvideo","2026-09-17 19:36:42.968",3205,2399,"provisional"
"prod_9265205e23e5e3e9","HD SKIN ALL IN ONE Многофункциональная палетка для лица","iledebeaute","2026-09-17 16:56:20.008",8950,7607,"provisional"
"prod_9265205e23e5e3e9","HD SKIN ALL IN ONE Многофункциональная палетка для лица","iledebeaute","2026-09-17 17:07:09.954",8950,7607,"provisional"
"prod_9265205e23e5e3e9","HD SKIN ALL IN ONE Многофункциональная палетка для лица","iledebeaute","2026-09-17 17:18:01.346",8950,7607,"provisional"
"prod_9265205e23e5e3e9","HD SKIN ALL IN ONE Многофункциональная палетка для лица","iledebeaute","2026-09-17 17:28:49.636",8950,7607,"provisional"
"prod_9265205e23e5e3e9","HD SKIN ALL IN ONE Многофункциональная палетка для лица","iledebeaute","2026-09-17 17:39:38.328",8950,7607,"provisional"
"prod_9265205e23e5e3e9","HD SKIN ALL IN ONE Многофункциональная палетка для лица","iledebeaute","2026-09-17 17:50:27.939",8950,7607,"provisional"
"prod_9265205e23e5e3e9","HD SKIN ALL IN ONE Многофункциональная палетка для лица","iledebeaute","2026-09-17 18:01:17.438",8950,7607,"provisional"
"prod_9265205e23e5e3e9","HD SKIN ALL IN ONE Многофункциональная палетка для лица","iledebeaute","2026-09-17 18:12:05.620",8950,7607,"provisional"
"prod_9265205e23e5e3e9","HD SKIN ALL IN ONE Многофункциональная палетка для лица","iledebeaute","2026-09-17 18:22:54.302",8950,7607,"provisional"
"prod_9265205e23e5e3e9","HD SKIN ALL IN ONE Многофункциональная палетка для лица","iledebeaute","2026-09-17 18:33:43.178",8950,7607,"provisional"
"prod_9265205e23e5e3e9","HD SKIN ALL IN ONE Многофункциональная палетка для лица","iledebeaute","2026-09-17 18:44:32.545",8950,7607,"provisional"
"prod_9265205e23e5e3e9","HD SKIN ALL IN ONE Многофункциональная палетка для лица","iledebeaute","2026-09-17 18:55:20.789",8950,7607,"provisional"
"prod_9265205e23e5e3e9","HD SKIN ALL IN ONE Многофункциональная палетка для лица","iledebeaute","2026-09-17 19:06:09.872",8950,7607,"provisional"
"prod_9265205e23e5e3e9","HD SKIN ALL IN ONE Многофункциональная палетка для лица","iledebeaute","2026-09-17 19:16:58.840",8950,7607,"provisional"
"prod_9265205e23e5e3e9","HD SKIN ALL IN ONE Многофункциональная палетка для лица","iledebeaute","2026-09-17 19:27:48.554",8950,7607,"provisional"
"prod_9265205e23e5e3e9","HD SKIN ALL IN ONE Многофункциональная палетка для лица","iledebeaute","2026-09-17 19:38:38.277",8950,7607,"provisional"
"prod_937bca8189695718","Гель для душа SOKOLOV Dark Cherry&Almond , 400мл","lenta","2026-09-17 16:57:09.842",273.69,159.99,"provisional"
"prod_937bca8189695718","Гель для душа SOKOLOV Dark Cherry&Almond , 400мл","lenta","2026-09-17 17:08:12.231",273.69,159.99,"provisional"
"prod_937bca8189695718","Гель для душа SOKOLOV Dark Cherry&Almond , 400мл","lenta","2026-09-17 17:19:11.765",273.69,159.99,"provisional"
"prod_937bca8189695718","Гель для душа SOKOLOV Dark Cherry&Almond , 400мл","lenta","2026-09-17 17:30:11.767",273.69,159.99,"provisional"
"prod_937bca8189695718","Гель для душа SOKOLOV Dark Cherry&Almond , 400мл","lenta","2026-09-17 17:41:10.468",273.69,159.99,"provisional"
"prod_937bca8189695718","Гель для душа SOKOLOV Dark Cherry&Almond , 400мл","lenta","2026-09-17 17:52:13.828",273.69,159.99,"provisional"
"prod_937bca8189695718","Гель для душа SOKOLOV Dark Cherry&Almond , 400мл","lenta","2026-09-17 18:03:11.953",273.69,159.99,"provisional"
"prod_937bca8189695718","Гель для душа SOKOLOV Dark Cherry&Almond , 400мл","lenta","2026-09-17 18:14:09.668",273.69,159.99,"provisional"
"prod_937bca8189695718","Гель для душа SOKOLOV Dark Cherry&Almond , 400мл","lenta","2026-09-17 18:25:09.449",273.69,159.99,"provisional"
"prod_937bca8189695718","Гель для душа SOKOLOV Dark Cherry&Almond , 400мл","lenta","2026-09-17 18:36:06.425",273.69,159.99,"provisional"
"prod_937bca8189695718","Гель для душа SOKOLOV Dark Cherry&Almond , 400мл","lenta","2026-09-17 18:47:00.870",273.69,159.99,"provisional"
"prod_937bca8189695718","Гель для душа SOKOLOV Dark Cherry&Almond , 400мл","lenta","2026-09-17 18:57:57.823",273.69,159.99,"provisional"
"prod_937bca8189695718","Гель для душа SOKOLOV Dark Cherry&Almond , 400мл","lenta","2026-09-17 19:09:05.890",273.69,159.99,"provisional"
"prod_937bca8189695718","Гель для душа SOKOLOV Dark Cherry&Almond , 400мл","lenta","2026-09-17 19:20:00.567",273.69,159.99,"provisional"
"prod_937bca8189695718","Гель для душа SOKOLOV Dark Cherry&Almond , 400мл","lenta","2026-09-17 19:30:58.036",273.69,159.99,"provisional"
"prod_948ca9a1e2f772d6","Вербена Новогодний набор","iledebeaute","2026-09-17 16:57:03.525",1698,1018,"provisional"
"prod_948ca9a1e2f772d6","Вербена Новогодний набор","iledebeaute","2026-09-17 17:07:54.581",1698,1018,"provisional"
"prod_948ca9a1e2f772d6","Вербена Новогодний набор","iledebeaute","2026-09-17 17:18:44.029",1698,1018,"provisional"
"prod_948ca9a1e2f772d6","Вербена Новогодний набор","iledebeaute","2026-09-17 17:29:32.443",1698,1018,"provisional"
"prod_948ca9a1e2f772d6","Вербена Новогодний набор","iledebeaute","2026-09-17 17:40:22.396",1698,1018,"provisional"
"prod_948ca9a1e2f772d6","Вербена Новогодний набор","iledebeaute","2026-09-17 17:51:11.927",1698,1018,"provisional"
"prod_948ca9a1e2f772d6","Вербена Новогодний набор","iledebeaute","2026-09-17 18:02:00.205",1698,1018,"provisional"
"prod_948ca9a1e2f772d6","Вербена Новогодний набор","iledebeaute","2026-09-17 18:12:48.713",1698,1018,"provisional"
"prod_948ca9a1e2f772d6","Вербена Новогодний набор","iledebeaute","2026-09-17 18:23:37.579",1698,1018,"provisional"
"prod_948ca9a1e2f772d6","Вербена Новогодний набор","iledebeaute","2026-09-17 18:34:27.080",1698,1018,"provisional"
"prod_948ca9a1e2f772d6","Вербена Новогодний набор","iledebeaute","2026-09-17 18:45:15.232",1698,1018,"provisional"
"prod_9540ca69ed79ba3c","Ходунки для малыша Solmax SM99817","mvideo","2026-09-17 16:56:15.991",7137,4635,"provisional"
"prod_9540ca69ed79ba3c","Ходунки для малыша Solmax SM99817","mvideo","2026-09-17 17:06:18.276",7137,4635,"provisional"
"prod_9540ca69ed79ba3c","Ходунки для малыша Solmax SM99817","mvideo","2026-09-17 17:16:19.901",7137,4635,"provisional"
"prod_9540ca69ed79ba3c","Ходунки для малыша Solmax SM99817","mvideo","2026-09-17 17:26:21.376",7137,4635,"provisional"
"prod_9540ca69ed79ba3c","Ходунки для малыша Solmax SM99817","mvideo","2026-09-17 17:36:22.885",7137,4635,"provisional"
"prod_9540ca69ed79ba3c","Ходунки для малыша Solmax SM99817","mvideo","2026-09-17 17:46:24.498",7137,4635,"provisional"
"prod_9540ca69ed79ba3c","Ходунки для малыша Solmax SM99817","mvideo","2026-09-17 17:56:26.076",7137,4635,"provisional"
"prod_9540ca69ed79ba3c","Ходунки для малыша Solmax SM99817","mvideo","2026-09-17 18:06:27.733",7137,4635,"provisional"
"prod_9540ca69ed79ba3c","Ходунки для малыша Solmax SM99817","mvideo","2026-09-17 18:16:29.199",7137,4635,"provisional"
"prod_9540ca69ed79ba3c","Ходунки для малыша Solmax SM99817","mvideo","2026-09-17 18:26:31.066",7137,4635,"provisional"
"prod_9540ca69ed79ba3c","Ходунки для малыша Solmax SM99817","mvideo","2026-09-17 18:36:32.734",7137,4635,"provisional"
"prod_9540ca69ed79ba3c","Ходунки для малыша Solmax SM99817","mvideo","2026-09-17 18:46:34.390",7137,4635,"provisional"
"prod_9540ca69ed79ba3c","Ходунки для малыша Solmax SM99817","mvideo","2026-09-17 18:56:36.063",7137,4635,"provisional"
"prod_9540ca69ed79ba3c","Ходунки для малыша Solmax SM99817","mvideo","2026-09-17 19:06:37.937",7137,4635,"provisional"
"prod_9540ca69ed79ba3c","Ходунки для малыша Solmax SM99817","mvideo","2026-09-17 19:16:39.819",7137,4635,"provisional"
"prod_9540ca69ed79ba3c","Ходунки для малыша Solmax SM99817","mvideo","2026-09-17 19:26:41.239",7137,4635,"provisional"
"prod_9540ca69ed79ba3c","Ходунки для малыша Solmax SM99817","mvideo","2026-09-17 19:36:42.984",7137,4635,"provisional"
"prod_9556119bda12f6fb","Стиральная машина Indesit IWSB 5105","holodilnik","2026-09-17 16:56:15.112",26490,24999,"provisional"
"prod_9556119bda12f6fb","Стиральная машина Indesit IWSB 5105","holodilnik","2026-09-17 17:06:16.564",26490,24999,"provisional"
"prod_9556119bda12f6fb","Стиральная машина Indesit IWSB 5105","holodilnik","2026-09-17 17:16:17.415",26490,24999,"provisional"
"prod_9556119bda12f6fb","Стиральная машина Indesit IWSB 5105","holodilnik","2026-09-17 17:26:18.297",26490,24999,"provisional"
"prod_9556119bda12f6fb","Стиральная машина Indesit IWSB 5105","holodilnik","2026-09-17 17:36:18.919",26490,24999,"provisional"
"prod_9556119bda12f6fb","Стиральная машина Indesit IWSB 5105","holodilnik","2026-09-17 17:46:19.522",26490,24999,"provisional"
"prod_9556119bda12f6fb","Стиральная машина Indesit IWSB 5105","holodilnik","2026-09-17 17:56:20.178",26490,24999,"provisional"
"prod_9556119bda12f6fb","Стиральная машина Indesit IWSB 5105","holodilnik","2026-09-17 18:06:20.807",26490,24999,"provisional"
"prod_9556119bda12f6fb","Стиральная машина Indesit IWSB 5105","holodilnik","2026-09-17 18:16:21.502",26490,24999,"provisional"
"prod_9556119bda12f6fb","Стиральная машина Indesit IWSB 5105","holodilnik","2026-09-17 18:26:22.180",26490,24999,"provisional"
"prod_9556119bda12f6fb","Стиральная машина Indesit IWSB 5105","holodilnik","2026-09-17 18:36:23.739",26490,24999,"provisional"
"prod_9556119bda12f6fb","Стиральная машина Indesit IWSB 5105","holodilnik","2026-09-17 18:46:24.344",26490,24999,"provisional"
"prod_9556119bda12f6fb","Стиральная машина Indesit IWSB 5105","holodilnik","2026-09-17 18:56:25.041",26490,24999,"provisional"
"prod_9556119bda12f6fb","Стиральная машина Indesit IWSB 5105","holodilnik","2026-09-17 19:06:25.693",26490,24999,"provisional"
"prod_9556119bda12f6fb","Стиральная машина Indesit IWSB 5105","holodilnik","2026-09-17 19:16:26.473",26490,24999,"provisional"
"prod_9556119bda12f6fb","Стиральная машина Indesit IWSB 5105","holodilnik","2026-09-17 19:26:27.025",26490,24999,"provisional"
"prod_9556119bda12f6fb","Стиральная машина Indesit IWSB 5105","holodilnik","2026-09-17 19:36:27.821",26490,24999,"provisional"
"prod_957e3455206ef383","Преобразователь сигнала с высокого уровня на RCA DL Audio Phoenix Sport High Level to RCA Converter 6ch","mvideo","2026-09-17 16:56:15.977",4470,4076,"provisional"
"prod_957e3455206ef383","Преобразователь сигнала с высокого уровня на RCA DL Audio Phoenix Sport High Level to RCA Converter 6ch","mvideo","2026-09-17 17:06:18.259",4470,4076,"provisional"
"prod_957e3455206ef383","Преобразователь сигнала с высокого уровня на RCA DL Audio Phoenix Sport High Level to RCA Converter 6ch","mvideo","2026-09-17 17:16:19.890",4470,4076,"provisional"
"prod_957e3455206ef383","Преобразователь сигнала с высокого уровня на RCA DL Audio Phoenix Sport High Level to RCA Converter 6ch","mvideo","2026-09-17 17:26:21.366",4470,4076,"provisional"
"prod_957e3455206ef383","Преобразователь сигнала с высокого уровня на RCA DL Audio Phoenix Sport High Level to RCA Converter 6ch","mvideo","2026-09-17 17:36:22.875",4470,4076,"provisional"
"prod_957e3455206ef383","Преобразователь сигнала с высокого уровня на RCA DL Audio Phoenix Sport High Level to RCA Converter 6ch","mvideo","2026-09-17 17:46:24.488",4470,4076,"provisional"
"prod_957e3455206ef383","Преобразователь сигнала с высокого уровня на RCA DL Audio Phoenix Sport High Level to RCA Converter 6ch","mvideo","2026-09-17 17:56:26.058",4470,4076,"provisional"
"prod_957e3455206ef383","Преобразователь сигнала с высокого уровня на RCA DL Audio Phoenix Sport High Level to RCA Converter 6ch","mvideo","2026-09-17 18:06:27.723",4470,4076,"provisional"
"prod_957e3455206ef383","Преобразователь сигнала с высокого уровня на RCA DL Audio Phoenix Sport High Level to RCA Converter 6ch","mvideo","2026-09-17 18:16:29.187",4470,4076,"provisional"
"prod_957e3455206ef383","Преобразователь сигнала с высокого уровня на RCA DL Audio Phoenix Sport High Level to RCA Converter 6ch","mvideo","2026-09-17 18:26:31.054",4470,4076,"provisional"
"prod_957e3455206ef383","Преобразователь сигнала с высокого уровня на RCA DL Audio Phoenix Sport High Level to RCA Converter 6ch","mvideo","2026-09-17 18:36:32.723",4470,4076,"provisional"
"prod_957e3455206ef383","Преобразователь сигнала с высокого уровня на RCA DL Audio Phoenix Sport High Level to RCA Converter 6ch","mvideo","2026-09-17 18:46:34.374",4470,4076,"provisional"
"prod_957e3455206ef383","Преобразователь сигнала с высокого уровня на RCA DL Audio Phoenix Sport High Level to RCA Converter 6ch","mvideo","2026-09-17 18:56:36.052",4470,4076,"provisional"
"prod_957e3455206ef383","Преобразователь сигнала с высокого уровня на RCA DL Audio Phoenix Sport High Level to RCA Converter 6ch","mvideo","2026-09-17 19:06:37.926",4470,4076,"provisional"
"prod_957e3455206ef383","Преобразователь сигнала с высокого уровня на RCA DL Audio Phoenix Sport High Level to RCA Converter 6ch","mvideo","2026-09-17 19:16:39.799",4470,4076,"provisional"
"prod_957e3455206ef383","Преобразователь сигнала с высокого уровня на RCA DL Audio Phoenix Sport High Level to RCA Converter 6ch","mvideo","2026-09-17 19:26:41.229",4470,4076,"provisional"
"prod_957e3455206ef383","Преобразователь сигнала с высокого уровня на RCA DL Audio Phoenix Sport High Level to RCA Converter 6ch","mvideo","2026-09-17 19:36:42.972",4470,4076,"provisional"
"prod_9affb241853e49ab","Сыворотка для лица `CELIMAX` с экстрактом нони (питательная) 30 мл","podruzhka","2026-09-17 16:56:15.891",3765,642,"provisional"
"prod_9affb241853e49ab","Сыворотка для лица `CELIMAX` с экстрактом нони (питательная) 30 мл","podruzhka","2026-09-17 17:06:21.004",3765,642,"provisional"
"prod_9affb241853e49ab","Сыворотка для лица `CELIMAX` с экстрактом нони (питательная) 30 мл","podruzhka","2026-09-17 17:16:25.110",3765,642,"provisional"
"prod_9affb241853e49ab","Сыворотка для лица `CELIMAX` с экстрактом нони (питательная) 30 мл","podruzhka","2026-09-17 17:26:29.151",3765,642,"provisional"
"prod_9affb241853e49ab","Сыворотка для лица `CELIMAX` с экстрактом нони (питательная) 30 мл","podruzhka","2026-09-17 17:36:33.937",3765,642,"provisional"
"prod_9affb241853e49ab","Сыворотка для лица `CELIMAX` с экстрактом нони (питательная) 30 мл","podruzhka","2026-09-17 17:46:37.996",3765,642,"provisional"
"prod_9affb241853e49ab","Сыворотка для лица `CELIMAX` с экстрактом нони (питательная) 30 мл","podruzhka","2026-09-17 17:56:44.561",3765,642,"provisional"
"prod_9affb241853e49ab","Сыворотка для лица `CELIMAX` с экстрактом нони (питательная) 30 мл","podruzhka","2026-09-17 18:06:49.601",3765,642,"provisional"
"prod_9affb241853e49ab","Сыворотка для лица `CELIMAX` с экстрактом нони (питательная) 30 мл","podruzhka","2026-09-17 18:16:53.641",3765,642,"provisional"
"prod_9affb241853e49ab","Сыворотка для лица `CELIMAX` с экстрактом нони (питательная) 30 мл","podruzhka","2026-09-17 18:26:59.938",3765,642,"provisional"
"prod_9affb241853e49ab","Сыворотка для лица `CELIMAX` с экстрактом нони (питательная) 30 мл","podruzhka","2026-09-17 18:37:06.006",3765,642,"provisional"
"prod_9affb241853e49ab","Сыворотка для лица `CELIMAX` с экстрактом нони (питательная) 30 мл","podruzhka","2026-09-17 18:47:10.587",3765,642,"provisional"
"prod_9affb241853e49ab","Сыворотка для лица `CELIMAX` с экстрактом нони (питательная) 30 мл","podruzhka","2026-09-17 18:57:14.506",3765,642,"provisional"
"prod_9affb241853e49ab","Сыворотка для лица `CELIMAX` с экстрактом нони (питательная) 30 мл","podruzhka","2026-09-17 19:07:18.710",3765,642,"provisional"
"prod_9affb241853e49ab","Сыворотка для лица `CELIMAX` с экстрактом нони (питательная) 30 мл","podruzhka","2026-09-17 19:17:22.708",3765,642,"provisional"
"prod_9affb241853e49ab","Сыворотка для лица `CELIMAX` с экстрактом нони (питательная) 30 мл","podruzhka","2026-09-17 19:27:25.510",3765,642,"provisional"
"prod_9affb241853e49ab","Сыворотка для лица `CELIMAX` с экстрактом нони (питательная) 30 мл","podruzhka","2026-09-17 19:37:28.681",3765,642,"provisional"
"prod_9ba3127f17ea5273","Стиральная машина Candy Smart Pro CSO34 106T1/2-07","holodilnik","2026-09-17 16:56:15.168",30999,23099,"provisional"
"prod_9ba3127f17ea5273","Стиральная машина Candy Smart Pro CSO34 106T1/2-07","holodilnik","2026-09-17 17:06:16.589",30999,23099,"provisional"
"prod_9ba3127f17ea5273","Стиральная машина Candy Smart Pro CSO34 106T1/2-07","holodilnik","2026-09-17 17:16:17.437",30999,23099,"provisional"
"prod_9ba3127f17ea5273","Стиральная машина Candy Smart Pro CSO34 106T1/2-07","holodilnik","2026-09-17 17:26:18.321",30999,23099,"provisional"
"prod_9ba3127f17ea5273","Стиральная машина Candy Smart Pro CSO34 106T1/2-07","holodilnik","2026-09-17 17:36:18.941",30999,23099,"provisional"
"prod_9ba3127f17ea5273","Стиральная машина Candy Smart Pro CSO34 106T1/2-07","holodilnik","2026-09-17 17:46:19.546",30999,23099,"provisional"
"prod_9ba3127f17ea5273","Стиральная машина Candy Smart Pro CSO34 106T1/2-07","holodilnik","2026-09-17 17:56:20.199",30999,23099,"provisional"
"prod_9ba3127f17ea5273","Стиральная машина Candy Smart Pro CSO34 106T1/2-07","holodilnik","2026-09-17 18:06:20.831",30999,23099,"provisional"
"prod_9ba3127f17ea5273","Стиральная машина Candy Smart Pro CSO34 106T1/2-07","holodilnik","2026-09-17 18:16:21.524",30999,23099,"provisional"
"prod_9ba3127f17ea5273","Стиральная машина Candy Smart Pro CSO34 106T1/2-07","holodilnik","2026-09-17 18:26:22.204",30999,23099,"provisional"
"prod_9ba3127f17ea5273","Стиральная машина Candy Smart Pro CSO34 106T1/2-07","holodilnik","2026-09-17 18:36:23.761",30999,23099,"provisional"
"prod_9ba3127f17ea5273","Стиральная машина Candy Smart Pro CSO34 106T1/2-07","holodilnik","2026-09-17 18:46:24.366",30999,23099,"provisional"
"prod_9ba3127f17ea5273","Стиральная машина Candy Smart Pro CSO34 106T1/2-07","holodilnik","2026-09-17 18:56:25.068",30999,23099,"provisional"
"prod_9ba3127f17ea5273","Стиральная машина Candy Smart Pro CSO34 106T1/2-07","holodilnik","2026-09-17 19:06:25.717",30999,23099,"provisional"
"prod_9ba3127f17ea5273","Стиральная машина Candy Smart Pro CSO34 106T1/2-07","holodilnik","2026-09-17 19:16:26.494",30999,23099,"provisional"
"prod_9ba3127f17ea5273","Стиральная машина Candy Smart Pro CSO34 106T1/2-07","holodilnik","2026-09-17 19:26:27.047",30999,23099,"provisional"
"prod_9ba3127f17ea5273","Стиральная машина Candy Smart Pro CSO34 106T1/2-07","holodilnik","2026-09-17 19:36:27.846",30999,23099,"provisional"
"prod_9cc6e469f8f36c55","Стиральная машина LG F2V3GS3W","holodilnik","2026-09-17 16:56:15.137",64890,53783,"provisional"
"prod_9cc6e469f8f36c55","Стиральная машина LG F2V3GS3W","holodilnik","2026-09-17 17:06:16.572",64890,53783,"provisional"
"prod_9cc6e469f8f36c55","Стиральная машина LG F2V3GS3W","holodilnik","2026-09-17 17:16:17.423",64890,53783,"provisional"
"prod_9cc6e469f8f36c55","Стиральная машина LG F2V3GS3W","holodilnik","2026-09-17 17:26:18.306",64890,53783,"provisional"
"prod_9cc6e469f8f36c55","Стиральная машина LG F2V3GS3W","holodilnik","2026-09-17 17:36:18.927",64890,53783,"provisional"
"prod_9cc6e469f8f36c55","Стиральная машина LG F2V3GS3W","holodilnik","2026-09-17 17:46:19.530",64890,53783,"provisional"
"prod_9cc6e469f8f36c55","Стиральная машина LG F2V3GS3W","holodilnik","2026-09-17 17:56:20.185",64890,53783,"provisional"
"prod_9cc6e469f8f36c55","Стиральная машина LG F2V3GS3W","holodilnik","2026-09-17 18:06:20.815",64890,53783,"provisional"
"prod_9cc6e469f8f36c55","Стиральная машина LG F2V3GS3W","holodilnik","2026-09-17 18:16:21.510",64890,53783,"provisional"
"prod_9cc6e469f8f36c55","Стиральная машина LG F2V3GS3W","holodilnik","2026-09-17 18:26:22.189",64890,53783,"provisional"
"prod_9cc6e469f8f36c55","Стиральная машина LG F2V3GS3W","holodilnik","2026-09-17 18:36:23.747",64890,53783,"provisional"
"prod_9cc6e469f8f36c55","Стиральная машина LG F2V3GS3W","holodilnik","2026-09-17 18:46:24.352",64890,53783,"provisional"
"prod_9cc6e469f8f36c55","Стиральная машина LG F2V3GS3W","holodilnik","2026-09-17 18:56:25.050",64890,53783,"provisional"
"prod_9cc6e469f8f36c55","Стиральная машина LG F2V3GS3W","holodilnik","2026-09-17 19:06:25.701",64890,53783,"provisional"
"prod_9cc6e469f8f36c55","Стиральная машина LG F2V3GS3W","holodilnik","2026-09-17 19:16:26.480",64890,53783,"provisional"
"prod_9cc6e469f8f36c55","Стиральная машина LG F2V3GS3W","holodilnik","2026-09-17 19:26:27.032",64890,53783,"provisional"
"prod_9cc6e469f8f36c55","Стиральная машина LG F2V3GS3W","holodilnik","2026-09-17 19:36:27.830",64890,53783,"provisional"
"prod_9f8be59d8f551795","Крем для лица `DR. ALTHEA` 345 RELIEF успокаивающий с ресвератролом 50 мл","podruzhka","2026-09-17 16:56:15.894",3458,2829,"provisional"
"prod_9f8be59d8f551795","Крем для лица `DR. ALTHEA` 345 RELIEF успокаивающий с ресвератролом 50 мл","podruzhka","2026-09-17 17:06:21.007",3458,2829,"provisional"
"prod_9f8be59d8f551795","Крем для лица `DR. ALTHEA` 345 RELIEF успокаивающий с ресвератролом 50 мл","podruzhka","2026-09-17 17:16:25.113",3458,2829,"provisional"
"prod_9f8be59d8f551795","Крем для лица `DR. ALTHEA` 345 RELIEF успокаивающий с ресвератролом 50 мл","podruzhka","2026-09-17 17:26:29.154",3458,2829,"provisional"
"prod_9f8be59d8f551795","Крем для лица `DR. ALTHEA` 345 RELIEF успокаивающий с ресвератролом 50 мл","podruzhka","2026-09-17 17:36:33.940",3458,2829,"provisional"
"prod_9f8be59d8f551795","Крем для лица `DR. ALTHEA` 345 RELIEF успокаивающий с ресвератролом 50 мл","podruzhka","2026-09-17 17:46:37.999",3458,2829,"provisional"
"prod_9f8be59d8f551795","Крем для лица `DR. ALTHEA` 345 RELIEF успокаивающий с ресвератролом 50 мл","podruzhka","2026-09-17 17:56:44.563",3458,2829,"provisional"
"prod_9f8be59d8f551795","Крем для лица `DR. ALTHEA` 345 RELIEF успокаивающий с ресвератролом 50 мл","podruzhka","2026-09-17 18:06:49.603",3458,2829,"provisional"
"prod_9f8be59d8f551795","Крем для лица `DR. ALTHEA` 345 RELIEF успокаивающий с ресвератролом 50 мл","podruzhka","2026-09-17 18:16:53.644",3458,2829,"provisional"
"prod_9f8be59d8f551795","Крем для лица `DR. ALTHEA` 345 RELIEF успокаивающий с ресвератролом 50 мл","podruzhka","2026-09-17 18:26:59.940",3458,2829,"provisional"
"prod_9f8be59d8f551795","Крем для лица `DR. ALTHEA` 345 RELIEF успокаивающий с ресвератролом 50 мл","podruzhka","2026-09-17 18:37:06.008",3458,2829,"provisional"
"prod_9f8be59d8f551795","Крем для лица `DR. ALTHEA` 345 RELIEF успокаивающий с ресвератролом 50 мл","podruzhka","2026-09-17 18:47:10.590",3458,2829,"provisional"
"prod_9f8be59d8f551795","Крем для лица `DR. ALTHEA` 345 RELIEF успокаивающий с ресвератролом 50 мл","podruzhka","2026-09-17 18:57:14.509",3458,2829,"provisional"
"prod_9f8be59d8f551795","Крем для лица `DR. ALTHEA` 345 RELIEF успокаивающий с ресвератролом 50 мл","podruzhka","2026-09-17 19:07:18.714",3458,2829,"provisional"
"prod_9f8be59d8f551795","Крем для лица `DR. ALTHEA` 345 RELIEF успокаивающий с ресвератролом 50 мл","podruzhka","2026-09-17 19:17:22.712",3458,2829,"provisional"
"prod_9f8be59d8f551795","Крем для лица `DR. ALTHEA` 345 RELIEF успокаивающий с ресвератролом 50 мл","podruzhka","2026-09-17 19:27:25.512",3458,2829,"provisional"
"prod_9f8be59d8f551795","Крем для лица `DR. ALTHEA` 345 RELIEF успокаивающий с ресвератролом 50 мл","podruzhka","2026-09-17 19:37:28.684",3458,2829,"provisional"
"prod_a573c16f414bb51e","Стиральная машина Candy Smart Pro CSO4 107TB1/2-07","holodilnik","2026-09-17 16:56:15.125",32999,28799,"provisional"
"prod_a573c16f414bb51e","Стиральная машина Candy Smart Pro CSO4 107TB1/2-07","holodilnik","2026-09-17 17:06:16.569",32999,28799,"provisional"
"prod_a573c16f414bb51e","Стиральная машина Candy Smart Pro CSO4 107TB1/2-07","holodilnik","2026-09-17 17:16:17.420",32999,28799,"provisional"
"prod_a573c16f414bb51e","Стиральная машина Candy Smart Pro CSO4 107TB1/2-07","holodilnik","2026-09-17 17:26:18.302",32999,28799,"provisional"
"prod_a573c16f414bb51e","Стиральная машина Candy Smart Pro CSO4 107TB1/2-07","holodilnik","2026-09-17 17:36:18.924",32999,28799,"provisional"
"prod_a573c16f414bb51e","Стиральная машина Candy Smart Pro CSO4 107TB1/2-07","holodilnik","2026-09-17 17:46:19.527",32999,28799,"provisional"
"prod_a573c16f414bb51e","Стиральная машина Candy Smart Pro CSO4 107TB1/2-07","holodilnik","2026-09-17 17:56:20.182",32999,28799,"provisional"
"prod_a573c16f414bb51e","Стиральная машина Candy Smart Pro CSO4 107TB1/2-07","holodilnik","2026-09-17 18:06:20.812",32999,28799,"provisional"
"prod_a573c16f414bb51e","Стиральная машина Candy Smart Pro CSO4 107TB1/2-07","holodilnik","2026-09-17 18:16:21.507",32999,28799,"provisional"
"prod_a573c16f414bb51e","Стиральная машина Candy Smart Pro CSO4 107TB1/2-07","holodilnik","2026-09-17 18:26:22.185",32999,28799,"provisional"
"prod_a573c16f414bb51e","Стиральная машина Candy Smart Pro CSO4 107TB1/2-07","holodilnik","2026-09-17 18:36:23.743",32999,28799,"provisional"
"prod_a573c16f414bb51e","Стиральная машина Candy Smart Pro CSO4 107TB1/2-07","holodilnik","2026-09-17 18:46:24.349",32999,28799,"provisional"
"prod_a573c16f414bb51e","Стиральная машина Candy Smart Pro CSO4 107TB1/2-07","holodilnik","2026-09-17 18:56:25.046",32999,28799,"provisional"
"prod_a573c16f414bb51e","Стиральная машина Candy Smart Pro CSO4 107TB1/2-07","holodilnik","2026-09-17 19:06:25.698",32999,28799,"provisional"
"prod_a573c16f414bb51e","Стиральная машина Candy Smart Pro CSO4 107TB1/2-07","holodilnik","2026-09-17 19:16:26.477",32999,28799,"provisional"
"prod_a573c16f414bb51e","Стиральная машина Candy Smart Pro CSO4 107TB1/2-07","holodilnik","2026-09-17 19:26:27.029",32999,28799,"provisional"
"prod_a573c16f414bb51e","Стиральная машина Candy Smart Pro CSO4 107TB1/2-07","holodilnik","2026-09-17 19:36:27.827",32999,28799,"provisional"
"prod_a68ca3d4b6d009a6","Фитобальзам Чистая линия повышающий упругость тела, 200 мл","magnit","2026-09-17 16:56:14.910",309.99,264.99,"provisional"
"prod_a68ca3d4b6d009a6","Фитобальзам Чистая линия повышающий упругость тела, 200 мл","magnit","2026-09-17 17:06:16.550",309.99,264.99,"provisional"
"prod_a68ca3d4b6d009a6","Фитобальзам Чистая линия повышающий упругость тела, 200 мл","magnit","2026-09-17 17:16:17.159",309.99,264.99,"provisional"
"prod_a68ca3d4b6d009a6","Фитобальзам Чистая линия повышающий упругость тела, 200 мл","magnit","2026-09-17 17:26:17.697",309.99,264.99,"provisional"
"prod_a68ca3d4b6d009a6","Фитобальзам Чистая линия повышающий упругость тела, 200 мл","magnit","2026-09-17 17:36:18.299",309.99,264.99,"provisional"
"prod_a68ca3d4b6d009a6","Фитобальзам Чистая линия повышающий упругость тела, 200 мл","magnit","2026-09-17 17:46:19.283",309.99,264.99,"provisional"
"prod_a68ca3d4b6d009a6","Фитобальзам Чистая линия повышающий упругость тела, 200 мл","magnit","2026-09-17 17:56:19.893",309.99,264.99,"provisional"
"prod_a68ca3d4b6d009a6","Фитобальзам Чистая линия повышающий упругость тела, 200 мл","magnit","2026-09-17 18:06:20.690",309.99,264.99,"provisional"
"prod_a68ca3d4b6d009a6","Фитобальзам Чистая линия повышающий упругость тела, 200 мл","magnit","2026-09-17 18:16:21.235",309.99,264.99,"provisional"
"prod_a68ca3d4b6d009a6","Фитобальзам Чистая линия повышающий упругость тела, 200 мл","magnit","2026-09-17 18:26:21.929",309.99,264.99,"provisional"
"prod_a68ca3d4b6d009a6","Фитобальзам Чистая линия повышающий упругость тела, 200 мл","magnit","2026-09-17 18:36:23.437",309.99,264.99,"provisional"
"prod_a68ca3d4b6d009a6","Фитобальзам Чистая линия повышающий упругость тела, 200 мл","magnit","2026-09-17 18:46:24.073",309.99,264.99,"provisional"
"prod_a68ca3d4b6d009a6","Фитобальзам Чистая линия повышающий упругость тела, 200 мл","magnit","2026-09-17 18:56:25.008",309.99,264.99,"provisional"
"prod_a68ca3d4b6d009a6","Фитобальзам Чистая линия повышающий упругость тела, 200 мл","magnit","2026-09-17 19:06:25.911",309.99,264.99,"provisional"
"prod_a68ca3d4b6d009a6","Фитобальзам Чистая линия повышающий упругость тела, 200 мл","magnit","2026-09-17 19:16:26.738",309.99,264.99,"provisional"
"prod_a68ca3d4b6d009a6","Фитобальзам Чистая линия повышающий упругость тела, 200 мл","magnit","2026-09-17 19:26:27.347",309.99,264.99,"provisional"
"prod_a68ca3d4b6d009a6","Фитобальзам Чистая линия повышающий упругость тела, 200 мл","magnit","2026-09-17 19:36:28.207",309.99,264.99,"provisional"
"prod_a718280b1b4d1084","MK3106 Переходник 1/4 DR (квадрат) — 1/4 HEX (шестигранник) (10шт) MKSS","mvideo","2026-09-17 16:56:15.984",999,901,"provisional"
"prod_a718280b1b4d1084","MK3106 Переходник 1/4 DR (квадрат) — 1/4 HEX (шестигранник) (10шт) MKSS","mvideo","2026-09-17 17:06:18.268",999,901,"provisional"
"prod_a718280b1b4d1084","MK3106 Переходник 1/4 DR (квадрат) — 1/4 HEX (шестигранник) (10шт) MKSS","mvideo","2026-09-17 17:16:19.896",999,901,"provisional"
"prod_a718280b1b4d1084","MK3106 Переходник 1/4 DR (квадрат) — 1/4 HEX (шестигранник) (10шт) MKSS","mvideo","2026-09-17 17:26:21.372",999,901,"provisional"
"prod_a718280b1b4d1084","MK3106 Переходник 1/4 DR (квадрат) — 1/4 HEX (шестигранник) (10шт) MKSS","mvideo","2026-09-17 17:36:22.880",999,901,"provisional"
"prod_a718280b1b4d1084","MK3106 Переходник 1/4 DR (квадрат) — 1/4 HEX (шестигранник) (10шт) MKSS","mvideo","2026-09-17 17:46:24.493",999,901,"provisional"
"prod_a718280b1b4d1084","MK3106 Переходник 1/4 DR (квадрат) — 1/4 HEX (шестигранник) (10шт) MKSS","mvideo","2026-09-17 17:56:26.066",999,901,"provisional"
"prod_a718280b1b4d1084","MK3106 Переходник 1/4 DR (квадрат) — 1/4 HEX (шестигранник) (10шт) MKSS","mvideo","2026-09-17 18:06:27.729",999,901,"provisional"
"prod_a718280b1b4d1084","MK3106 Переходник 1/4 DR (квадрат) — 1/4 HEX (шестигранник) (10шт) MKSS","mvideo","2026-09-17 18:16:29.194",999,901,"provisional"
"prod_a718280b1b4d1084","MK3106 Переходник 1/4 DR (квадрат) — 1/4 HEX (шестигранник) (10шт) MKSS","mvideo","2026-09-17 18:26:31.060",999,901,"provisional"
"prod_a718280b1b4d1084","MK3106 Переходник 1/4 DR (квадрат) — 1/4 HEX (шестигранник) (10шт) MKSS","mvideo","2026-09-17 18:36:32.730",999,901,"provisional"
"prod_a718280b1b4d1084","MK3106 Переходник 1/4 DR (квадрат) — 1/4 HEX (шестигранник) (10шт) MKSS","mvideo","2026-09-17 18:46:34.381",999,901,"provisional"
"prod_a718280b1b4d1084","MK3106 Переходник 1/4 DR (квадрат) — 1/4 HEX (шестигранник) (10шт) MKSS","mvideo","2026-09-17 18:56:36.058",999,901,"provisional"
"prod_a718280b1b4d1084","MK3106 Переходник 1/4 DR (квадрат) — 1/4 HEX (шестигранник) (10шт) MKSS","mvideo","2026-09-17 19:06:37.932",999,901,"provisional"
"prod_a718280b1b4d1084","MK3106 Переходник 1/4 DR (квадрат) — 1/4 HEX (шестигранник) (10шт) MKSS","mvideo","2026-09-17 19:16:39.811",999,901,"provisional"
"prod_a718280b1b4d1084","MK3106 Переходник 1/4 DR (квадрат) — 1/4 HEX (шестигранник) (10шт) MKSS","mvideo","2026-09-17 19:26:41.234",999,901,"provisional"
"prod_a718280b1b4d1084","MK3106 Переходник 1/4 DR (квадрат) — 1/4 HEX (шестигранник) (10шт) MKSS","mvideo","2026-09-17 19:36:42.978",999,901,"provisional"
"prod_ab32afea7ec88242","VELVET DANCE Туалетная вода","iledebeaute","2026-09-17 16:56:30.080",950,760,"provisional"
"prod_ab32afea7ec88242","VELVET DANCE Туалетная вода","iledebeaute","2026-09-17 17:07:19.888",950,760,"provisional"
"prod_ab32afea7ec88242","VELVET DANCE Туалетная вода","iledebeaute","2026-09-17 17:18:10.803",950,760,"provisional"
"prod_ab32afea7ec88242","VELVET DANCE Туалетная вода","iledebeaute","2026-09-17 17:28:59.149",950,760,"provisional"
"prod_ab32afea7ec88242","VELVET DANCE Туалетная вода","iledebeaute","2026-09-17 17:39:48.155",950,760,"provisional"
"prod_ab32afea7ec88242","VELVET DANCE Туалетная вода","iledebeaute","2026-09-17 17:50:37.440",950,760,"provisional"
"prod_ab32afea7ec88242","VELVET DANCE Туалетная вода","iledebeaute","2026-09-17 18:01:26.991",950,760,"provisional"
"prod_ab32afea7ec88242","VELVET DANCE Туалетная вода","iledebeaute","2026-09-17 18:12:15.227",950,760,"provisional"
"prod_ab32afea7ec88242","VELVET DANCE Туалетная вода","iledebeaute","2026-09-17 18:23:03.896",950,760,"provisional"
"prod_ab32afea7ec88242","VELVET DANCE Туалетная вода","iledebeaute","2026-09-17 18:33:52.938",950,760,"provisional"
"prod_ab32afea7ec88242","VELVET DANCE Туалетная вода","iledebeaute","2026-09-17 18:44:41.922",950,760,"provisional"
"prod_ab32afea7ec88242","VELVET DANCE Туалетная вода","iledebeaute","2026-09-17 18:55:30.431",950,760,"provisional"
"prod_ab32afea7ec88242","VELVET DANCE Туалетная вода","iledebeaute","2026-09-17 19:06:19.446",950,760,"provisional"
"prod_ab32afea7ec88242","VELVET DANCE Туалетная вода","iledebeaute","2026-09-17 19:17:08.399",950,760,"provisional"
"prod_ab32afea7ec88242","VELVET DANCE Туалетная вода","iledebeaute","2026-09-17 19:27:58.436",950,760,"provisional"
"prod_ab32afea7ec88242","VELVET DANCE Туалетная вода","iledebeaute","2026-09-17 19:38:47.825",950,760,"provisional"
"prod_ab4d5c21c5a5bedc","Крем для лица `DR. ALTHEA` 147 BARRIER успокаивающий 50 мл","podruzhka","2026-09-17 16:56:15.892",3458,2218,"provisional"
"prod_ab4d5c21c5a5bedc","Крем для лица `DR. ALTHEA` 147 BARRIER успокаивающий 50 мл","podruzhka","2026-09-17 17:06:21.005",3458,2218,"provisional"
"prod_ab4d5c21c5a5bedc","Крем для лица `DR. ALTHEA` 147 BARRIER успокаивающий 50 мл","podruzhka","2026-09-17 17:16:25.111",3458,2218,"provisional"
"prod_ab4d5c21c5a5bedc","Крем для лица `DR. ALTHEA` 147 BARRIER успокаивающий 50 мл","podruzhka","2026-09-17 17:26:29.153",3458,2218,"provisional"
"prod_ab4d5c21c5a5bedc","Крем для лица `DR. ALTHEA` 147 BARRIER успокаивающий 50 мл","podruzhka","2026-09-17 17:36:33.939",3458,2218,"provisional"
"prod_ab4d5c21c5a5bedc","Крем для лица `DR. ALTHEA` 147 BARRIER успокаивающий 50 мл","podruzhka","2026-09-17 17:46:37.998",3458,2218,"provisional"
"prod_ab4d5c21c5a5bedc","Крем для лица `DR. ALTHEA` 147 BARRIER успокаивающий 50 мл","podruzhka","2026-09-17 17:56:44.562",3458,2218,"provisional"
"prod_ab4d5c21c5a5bedc","Крем для лица `DR. ALTHEA` 147 BARRIER успокаивающий 50 мл","podruzhka","2026-09-17 18:06:49.602",3458,2218,"provisional"
"prod_ab4d5c21c5a5bedc","Крем для лица `DR. ALTHEA` 147 BARRIER успокаивающий 50 мл","podruzhka","2026-09-17 18:16:53.642",3458,2218,"provisional"
"prod_ab4d5c21c5a5bedc","Крем для лица `DR. ALTHEA` 147 BARRIER успокаивающий 50 мл","podruzhka","2026-09-17 18:26:59.939",3458,2218,"provisional"
"prod_ab4d5c21c5a5bedc","Крем для лица `DR. ALTHEA` 147 BARRIER успокаивающий 50 мл","podruzhka","2026-09-17 18:37:06.007",3458,2218,"provisional"
"prod_ab4d5c21c5a5bedc","Крем для лица `DR. ALTHEA` 147 BARRIER успокаивающий 50 мл","podruzhka","2026-09-17 18:47:10.588",3458,2218,"provisional"
"prod_ab4d5c21c5a5bedc","Крем для лица `DR. ALTHEA` 147 BARRIER успокаивающий 50 мл","podruzhka","2026-09-17 18:57:14.507",3458,2218,"provisional"
"prod_ab4d5c21c5a5bedc","Крем для лица `DR. ALTHEA` 147 BARRIER успокаивающий 50 мл","podruzhka","2026-09-17 19:07:18.712",3458,2218,"provisional"
"prod_ab4d5c21c5a5bedc","Крем для лица `DR. ALTHEA` 147 BARRIER успокаивающий 50 мл","podruzhka","2026-09-17 19:17:22.710",3458,2218,"provisional"
"prod_ab4d5c21c5a5bedc","Крем для лица `DR. ALTHEA` 147 BARRIER успокаивающий 50 мл","podruzhka","2026-09-17 19:27:25.511",3458,2218,"provisional"
"prod_ab4d5c21c5a5bedc","Крем для лица `DR. ALTHEA` 147 BARRIER успокаивающий 50 мл","podruzhka","2026-09-17 19:37:28.683",3458,2218,"provisional"
"prod_aba138b9ffa26ebf","Amarancho Гранола без сахара шоколадная с амарантом, 270 гр","mvideo","2026-09-17 16:56:15.992",490,469,"provisional"
"prod_aba138b9ffa26ebf","Amarancho Гранола без сахара шоколадная с амарантом, 270 гр","mvideo","2026-09-17 17:06:18.278",490,469,"provisional"
"prod_aba138b9ffa26ebf","Amarancho Гранола без сахара шоколадная с амарантом, 270 гр","mvideo","2026-09-17 17:16:19.901",490,469,"provisional"
"prod_aba138b9ffa26ebf","Amarancho Гранола без сахара шоколадная с амарантом, 270 гр","mvideo","2026-09-17 17:26:21.377",490,469,"provisional"
"prod_aba138b9ffa26ebf","Amarancho Гранола без сахара шоколадная с амарантом, 270 гр","mvideo","2026-09-17 17:36:22.886",490,469,"provisional"
"prod_aba138b9ffa26ebf","Amarancho Гранола без сахара шоколадная с амарантом, 270 гр","mvideo","2026-09-17 17:46:24.499",490,469,"provisional"
"prod_aba138b9ffa26ebf","Amarancho Гранола без сахара шоколадная с амарантом, 270 гр","mvideo","2026-09-17 17:56:26.078",490,469,"provisional"
"prod_aba138b9ffa26ebf","Amarancho Гранола без сахара шоколадная с амарантом, 270 гр","mvideo","2026-09-17 18:06:27.734",490,469,"provisional"
"prod_aba138b9ffa26ebf","Amarancho Гранола без сахара шоколадная с амарантом, 270 гр","mvideo","2026-09-17 18:16:29.201",490,469,"provisional"
"prod_aba138b9ffa26ebf","Amarancho Гранола без сахара шоколадная с амарантом, 270 гр","mvideo","2026-09-17 18:26:31.067",490,469,"provisional"
"prod_aba138b9ffa26ebf","Amarancho Гранола без сахара шоколадная с амарантом, 270 гр","mvideo","2026-09-17 18:36:32.735",490,469,"provisional"
"prod_aba138b9ffa26ebf","Amarancho Гранола без сахара шоколадная с амарантом, 270 гр","mvideo","2026-09-17 18:46:34.391",490,469,"provisional"
"prod_aba138b9ffa26ebf","Amarancho Гранола без сахара шоколадная с амарантом, 270 гр","mvideo","2026-09-17 18:56:36.064",490,469,"provisional"
"prod_aba138b9ffa26ebf","Amarancho Гранола без сахара шоколадная с амарантом, 270 гр","mvideo","2026-09-17 19:06:37.938",490,469,"provisional"
"prod_aba138b9ffa26ebf","Amarancho Гранола без сахара шоколадная с амарантом, 270 гр","mvideo","2026-09-17 19:16:39.822",490,469,"provisional"
"prod_aba138b9ffa26ebf","Amarancho Гранола без сахара шоколадная с амарантом, 270 гр","mvideo","2026-09-17 19:26:41.240",490,469,"provisional"
"prod_aba138b9ffa26ebf","Amarancho Гранола без сахара шоколадная с амарантом, 270 гр","mvideo","2026-09-17 19:36:42.985",490,469,"provisional"
"prod_ad82533ff733df92","Vita C Plus Маска для лица тканевая с липосомальным витамином С для сияния кожи и борьбы с пигментацией","iledebeaute","2026-09-17 16:56:46.826",690,441,"provisional"
"prod_ad82533ff733df92","Vita C Plus Маска для лица тканевая с липосомальным витамином С для сияния кожи и борьбы с пигментацией","iledebeaute","2026-09-17 17:07:37.149",690,441,"provisional"
"prod_ad82533ff733df92","Vita C Plus Маска для лица тканевая с липосомальным витамином С для сияния кожи и борьбы с пигментацией","iledebeaute","2026-09-17 17:18:27.402",690,441,"provisional"
"prod_ad82533ff733df92","Vita C Plus Маска для лица тканевая с липосомальным витамином С для сияния кожи и борьбы с пигментацией","iledebeaute","2026-09-17 17:29:15.737",690,441,"provisional"
"prod_ad82533ff733df92","Vita C Plus Маска для лица тканевая с липосомальным витамином С для сияния кожи и борьбы с пигментацией","iledebeaute","2026-09-17 17:40:05.212",690,441,"provisional"
"prod_ad82533ff733df92","Vita C Plus Маска для лица тканевая с липосомальным витамином С для сияния кожи и борьбы с пигментацией","iledebeaute","2026-09-17 17:50:54.185",690,441,"provisional"
"prod_ad82533ff733df92","Vita C Plus Маска для лица тканевая с липосомальным витамином С для сияния кожи и борьбы с пигментацией","iledebeaute","2026-09-17 18:01:43.640",690,441,"provisional"
"prod_ad82533ff733df92","Vita C Plus Маска для лица тканевая с липосомальным витамином С для сияния кожи и борьбы с пигментацией","iledebeaute","2026-09-17 18:12:32.071",690,441,"provisional"
"prod_ad82533ff733df92","Vita C Plus Маска для лица тканевая с липосомальным витамином С для сияния кожи и борьбы с пигментацией","iledebeaute","2026-09-17 18:23:20.676",690,441,"provisional"
"prod_ad82533ff733df92","Vita C Plus Маска для лица тканевая с липосомальным витамином С для сияния кожи и борьбы с пигментацией","iledebeaute","2026-09-17 18:34:09.982",690,441,"provisional"
"prod_ad82533ff733df92","Vita C Plus Маска для лица тканевая с липосомальным витамином С для сияния кожи и борьбы с пигментацией","iledebeaute","2026-09-17 18:44:58.510",690,441,"provisional"
"prod_ad82533ff733df92","Vita C Plus Маска для лица тканевая с липосомальным витамином С для сияния кожи и борьбы с пигментацией","iledebeaute","2026-09-17 18:55:47.436",690,441,"provisional"
"prod_ad82533ff733df92","Vita C Plus Маска для лица тканевая с липосомальным витамином С для сияния кожи и борьбы с пигментацией","iledebeaute","2026-09-17 19:06:36.582",690,441,"provisional"
"prod_ad82533ff733df92","Vita C Plus Маска для лица тканевая с липосомальным витамином С для сияния кожи и борьбы с пигментацией","iledebeaute","2026-09-17 19:17:24.982",690,441,"provisional"
"prod_ad82533ff733df92","Vita C Plus Маска для лица тканевая с липосомальным витамином С для сияния кожи и борьбы с пигментацией","iledebeaute","2026-09-17 19:28:15.454",690,441,"provisional"
"prod_ad82533ff733df92","Vita C Plus Маска для лица тканевая с липосомальным витамином С для сияния кожи и борьбы с пигментацией","iledebeaute","2026-09-17 19:39:04.550",690,441,"provisional"
"prod_af7525fc331e0488","Стиральная машина Gressel UBC301 серый","holodilnik","2026-09-17 16:56:15.170",38230,23299,"provisional"
"prod_af7525fc331e0488","Стиральная машина Gressel UBC301 серый","holodilnik","2026-09-17 17:06:16.592",38230,23299,"provisional"
"prod_af7525fc331e0488","Стиральная машина Gressel UBC301 серый","holodilnik","2026-09-17 17:16:17.438",38230,23299,"provisional"
"prod_af7525fc331e0488","Стиральная машина Gressel UBC301 серый","holodilnik","2026-09-17 17:26:18.323",38230,23299,"provisional"
"prod_af7525fc331e0488","Стиральная машина Gressel UBC301 серый","holodilnik","2026-09-17 17:36:18.942",38230,23299,"provisional"
"prod_af7525fc331e0488","Стиральная машина Gressel UBC301 серый","holodilnik","2026-09-17 17:46:19.547",38230,23299,"provisional"
"prod_af7525fc331e0488","Стиральная машина Gressel UBC301 серый","holodilnik","2026-09-17 17:56:20.200",38230,23299,"provisional"
"prod_af7525fc331e0488","Стиральная машина Gressel UBC301 серый","holodilnik","2026-09-17 18:06:20.832",38230,23299,"provisional"
"prod_af7525fc331e0488","Стиральная машина Gressel UBC301 серый","holodilnik","2026-09-17 18:16:21.526",38230,23299,"provisional"
"prod_af7525fc331e0488","Стиральная машина Gressel UBC301 серый","holodilnik","2026-09-17 18:26:22.205",38230,23299,"provisional"
"prod_af7525fc331e0488","Стиральная машина Gressel UBC301 серый","holodilnik","2026-09-17 18:36:23.763",38230,23299,"provisional"
"prod_af7525fc331e0488","Стиральная машина Gressel UBC301 серый","holodilnik","2026-09-17 18:46:24.368",38230,23299,"provisional"
"prod_af7525fc331e0488","Стиральная машина Gressel UBC301 серый","holodilnik","2026-09-17 18:56:25.071",38230,23299,"provisional"
"prod_af7525fc331e0488","Стиральная машина Gressel UBC301 серый","holodilnik","2026-09-17 19:06:25.718",38230,23299,"provisional"
"prod_af7525fc331e0488","Стиральная машина Gressel UBC301 серый","holodilnik","2026-09-17 19:16:26.495",38230,23299,"provisional"
"prod_af7525fc331e0488","Стиральная машина Gressel UBC301 серый","holodilnik","2026-09-17 19:26:27.049",38230,23299,"provisional"
"prod_af7525fc331e0488","Стиральная машина Gressel UBC301 серый","holodilnik","2026-09-17 19:36:27.848",38230,23299,"provisional"
"prod_b12b5621b7e3f2e3","Шина для мотоциклов CST CM742 140/80 R18 70M (Задняя)","mvideo","2026-09-17 16:56:15.975",5000,3936,"provisional"
"prod_b12b5621b7e3f2e3","Шина для мотоциклов CST CM742 140/80 R18 70M (Задняя)","mvideo","2026-09-17 17:06:18.258",5000,3936,"provisional"
"prod_b12b5621b7e3f2e3","Шина для мотоциклов CST CM742 140/80 R18 70M (Задняя)","mvideo","2026-09-17 17:16:19.889",5000,3936,"provisional"
"prod_b12b5621b7e3f2e3","Шина для мотоциклов CST CM742 140/80 R18 70M (Задняя)","mvideo","2026-09-17 17:26:21.366",5000,3936,"provisional"
"prod_b12b5621b7e3f2e3","Шина для мотоциклов CST CM742 140/80 R18 70M (Задняя)","mvideo","2026-09-17 17:36:22.874",5000,3936,"provisional"
"prod_b12b5621b7e3f2e3","Шина для мотоциклов CST CM742 140/80 R18 70M (Задняя)","mvideo","2026-09-17 17:46:24.487",5000,3936,"provisional"
"prod_b12b5621b7e3f2e3","Шина для мотоциклов CST CM742 140/80 R18 70M (Задняя)","mvideo","2026-09-17 17:56:26.057",5000,3936,"provisional"
"prod_b12b5621b7e3f2e3","Шина для мотоциклов CST CM742 140/80 R18 70M (Задняя)","mvideo","2026-09-17 18:06:27.722",5000,3936,"provisional"
"prod_b12b5621b7e3f2e3","Шина для мотоциклов CST CM742 140/80 R18 70M (Задняя)","mvideo","2026-09-17 18:16:29.186",5000,3936,"provisional"
"prod_b12b5621b7e3f2e3","Шина для мотоциклов CST CM742 140/80 R18 70M (Задняя)","mvideo","2026-09-17 18:26:31.053",5000,3936,"provisional"
"prod_b12b5621b7e3f2e3","Шина для мотоциклов CST CM742 140/80 R18 70M (Задняя)","mvideo","2026-09-17 18:36:32.722",5000,3936,"provisional"
"prod_b12b5621b7e3f2e3","Шина для мотоциклов CST CM742 140/80 R18 70M (Задняя)","mvideo","2026-09-17 18:46:34.373",5000,3936,"provisional"
"prod_b12b5621b7e3f2e3","Шина для мотоциклов CST CM742 140/80 R18 70M (Задняя)","mvideo","2026-09-17 18:56:36.051",5000,3936,"provisional"
"prod_b12b5621b7e3f2e3","Шина для мотоциклов CST CM742 140/80 R18 70M (Задняя)","mvideo","2026-09-17 19:06:37.925",5000,3936,"provisional"
"prod_b12b5621b7e3f2e3","Шина для мотоциклов CST CM742 140/80 R18 70M (Задняя)","mvideo","2026-09-17 19:16:39.796",5000,3936,"provisional"
"prod_b12b5621b7e3f2e3","Шина для мотоциклов CST CM742 140/80 R18 70M (Задняя)","mvideo","2026-09-17 19:26:41.228",5000,3936,"provisional"
"prod_b12b5621b7e3f2e3","Шина для мотоциклов CST CM742 140/80 R18 70M (Задняя)","mvideo","2026-09-17 19:36:42.971",5000,3936,"provisional"
"prod_b24e820895125a81","Amarancho Амарантовая мука без глютена для выпечки, 400 гр","mvideo","2026-09-17 16:56:15.994",350,335,"provisional"
"prod_b24e820895125a81","Amarancho Амарантовая мука без глютена для выпечки, 400 гр","mvideo","2026-09-17 17:06:18.279",350,335,"provisional"
"prod_b24e820895125a81","Amarancho Амарантовая мука без глютена для выпечки, 400 гр","mvideo","2026-09-17 17:16:19.902",350,335,"provisional"
"prod_b24e820895125a81","Amarancho Амарантовая мука без глютена для выпечки, 400 гр","mvideo","2026-09-17 17:26:21.378",350,335,"provisional"
"prod_b24e820895125a81","Amarancho Амарантовая мука без глютена для выпечки, 400 гр","mvideo","2026-09-17 17:36:22.887",350,335,"provisional"
"prod_b24e820895125a81","Amarancho Амарантовая мука без глютена для выпечки, 400 гр","mvideo","2026-09-17 17:46:24.500",350,335,"provisional"
"prod_b24e820895125a81","Amarancho Амарантовая мука без глютена для выпечки, 400 гр","mvideo","2026-09-17 17:56:26.080",350,335,"provisional"
"prod_b24e820895125a81","Amarancho Амарантовая мука без глютена для выпечки, 400 гр","mvideo","2026-09-17 18:06:27.735",350,335,"provisional"
"prod_b24e820895125a81","Amarancho Амарантовая мука без глютена для выпечки, 400 гр","mvideo","2026-09-17 18:16:29.202",350,335,"provisional"
"prod_b24e820895125a81","Amarancho Амарантовая мука без глютена для выпечки, 400 гр","mvideo","2026-09-17 18:26:31.068",350,335,"provisional"
"prod_b24e820895125a81","Amarancho Амарантовая мука без глютена для выпечки, 400 гр","mvideo","2026-09-17 18:36:32.736",350,335,"provisional"
"prod_b24e820895125a81","Amarancho Амарантовая мука без глютена для выпечки, 400 гр","mvideo","2026-09-17 18:46:34.392",350,335,"provisional"
"prod_b24e820895125a81","Amarancho Амарантовая мука без глютена для выпечки, 400 гр","mvideo","2026-09-17 18:56:36.065",350,335,"provisional"
"prod_b24e820895125a81","Amarancho Амарантовая мука без глютена для выпечки, 400 гр","mvideo","2026-09-17 19:06:37.939",350,335,"provisional"
"prod_b24e820895125a81","Amarancho Амарантовая мука без глютена для выпечки, 400 гр","mvideo","2026-09-17 19:16:39.824",350,335,"provisional"
"prod_b24e820895125a81","Amarancho Амарантовая мука без глютена для выпечки, 400 гр","mvideo","2026-09-17 19:26:41.241",350,335,"provisional"
"prod_b24e820895125a81","Amarancho Амарантовая мука без глютена для выпечки, 400 гр","mvideo","2026-09-17 19:36:42.986",350,335,"provisional"
"prod_b3d62f832d62098d","Скраб для тела Черный жемчуг Идеальная кожа, 200 мл","magnit","2026-09-17 16:56:14.912",529.99,389.99,"provisional"
"prod_b3d62f832d62098d","Скраб для тела Черный жемчуг Идеальная кожа, 200 мл","magnit","2026-09-17 17:06:16.552",529.99,389.99,"provisional"
"prod_b3d62f832d62098d","Скраб для тела Черный жемчуг Идеальная кожа, 200 мл","magnit","2026-09-17 17:16:17.160",529.99,389.99,"provisional"
"prod_b3d62f832d62098d","Скраб для тела Черный жемчуг Идеальная кожа, 200 мл","magnit","2026-09-17 17:26:17.698",529.99,389.99,"provisional"
"prod_b3d62f832d62098d","Скраб для тела Черный жемчуг Идеальная кожа, 200 мл","magnit","2026-09-17 17:36:18.300",529.99,389.99,"provisional"
"prod_b3d62f832d62098d","Скраб для тела Черный жемчуг Идеальная кожа, 200 мл","magnit","2026-09-17 17:46:19.284",529.99,389.99,"provisional"
"prod_b3d62f832d62098d","Скраб для тела Черный жемчуг Идеальная кожа, 200 мл","magnit","2026-09-17 17:56:19.895",529.99,389.99,"provisional"
"prod_b3d62f832d62098d","Скраб для тела Черный жемчуг Идеальная кожа, 200 мл","magnit","2026-09-17 18:06:20.691",529.99,389.99,"provisional"
"prod_b3d62f832d62098d","Скраб для тела Черный жемчуг Идеальная кожа, 200 мл","magnit","2026-09-17 18:16:21.237",529.99,389.99,"provisional"
"prod_b3d62f832d62098d","Скраб для тела Черный жемчуг Идеальная кожа, 200 мл","magnit","2026-09-17 18:26:21.933",529.99,389.99,"provisional"
"prod_b3d62f832d62098d","Скраб для тела Черный жемчуг Идеальная кожа, 200 мл","magnit","2026-09-17 18:36:23.437",529.99,389.99,"provisional"
"prod_b3d62f832d62098d","Скраб для тела Черный жемчуг Идеальная кожа, 200 мл","magnit","2026-09-17 18:46:24.074",529.99,389.99,"provisional"
"prod_b3d62f832d62098d","Скраб для тела Черный жемчуг Идеальная кожа, 200 мл","magnit","2026-09-17 18:56:25.009",529.99,389.99,"provisional"
"prod_b3d62f832d62098d","Скраб для тела Черный жемчуг Идеальная кожа, 200 мл","magnit","2026-09-17 19:06:25.912",529.99,389.99,"provisional"
"prod_b3d62f832d62098d","Скраб для тела Черный жемчуг Идеальная кожа, 200 мл","magnit","2026-09-17 19:16:26.739",529.99,389.99,"provisional"
"prod_b3d62f832d62098d","Скраб для тела Черный жемчуг Идеальная кожа, 200 мл","magnit","2026-09-17 19:26:27.348",529.99,389.99,"provisional"
"prod_b3d62f832d62098d","Скраб для тела Черный жемчуг Идеальная кожа, 200 мл","magnit","2026-09-17 19:36:28.207",529.99,389.99,"provisional"
"prod_b67c497fd5ffb4d8","Стиральная машина Beko WSRE6512ZAA","holodilnik","2026-09-17 16:56:15.132",30990,30799,"provisional"
"prod_b67c497fd5ffb4d8","Стиральная машина Beko WSRE6512ZAA","holodilnik","2026-09-17 17:06:16.570",30990,30799,"provisional"
"prod_b67c497fd5ffb4d8","Стиральная машина Beko WSRE6512ZAA","holodilnik","2026-09-17 17:16:17.421",30990,30799,"provisional"
"prod_b67c497fd5ffb4d8","Стиральная машина Beko WSRE6512ZAA","holodilnik","2026-09-17 17:26:18.304",30990,30799,"provisional"
"prod_b67c497fd5ffb4d8","Стиральная машина Beko WSRE6512ZAA","holodilnik","2026-09-17 17:36:18.925",30990,30799,"provisional"
"prod_b67c497fd5ffb4d8","Стиральная машина Beko WSRE6512ZAA","holodilnik","2026-09-17 17:46:19.529",30990,30799,"provisional"
"prod_b67c497fd5ffb4d8","Стиральная машина Beko WSRE6512ZAA","holodilnik","2026-09-17 17:56:20.184",30990,30799,"provisional"
"prod_b67c497fd5ffb4d8","Стиральная машина Beko WSRE6512ZAA","holodilnik","2026-09-17 18:06:20.814",30990,30799,"provisional"
"prod_b67c497fd5ffb4d8","Стиральная машина Beko WSRE6512ZAA","holodilnik","2026-09-17 18:16:21.508",30990,30799,"provisional"
"prod_b67c497fd5ffb4d8","Стиральная машина Beko WSRE6512ZAA","holodilnik","2026-09-17 18:26:22.187",30990,30799,"provisional"
"prod_b67c497fd5ffb4d8","Стиральная машина Beko WSRE6512ZAA","holodilnik","2026-09-17 18:36:23.745",30990,30799,"provisional"
"prod_b67c497fd5ffb4d8","Стиральная машина Beko WSRE6512ZAA","holodilnik","2026-09-17 18:46:24.350",30990,30799,"provisional"
"prod_b67c497fd5ffb4d8","Стиральная машина Beko WSRE6512ZAA","holodilnik","2026-09-17 18:56:25.048",30990,30799,"provisional"
"prod_b67c497fd5ffb4d8","Стиральная машина Beko WSRE6512ZAA","holodilnik","2026-09-17 19:06:25.699",30990,30799,"provisional"
"prod_b67c497fd5ffb4d8","Стиральная машина Beko WSRE6512ZAA","holodilnik","2026-09-17 19:16:26.478",30990,30799,"provisional"
"prod_b67c497fd5ffb4d8","Стиральная машина Beko WSRE6512ZAA","holodilnik","2026-09-17 19:26:27.031",30990,30799,"provisional"
"prod_b67c497fd5ffb4d8","Стиральная машина Beko WSRE6512ZAA","holodilnik","2026-09-17 19:36:27.829",30990,30799,"provisional"
"prod_b6efacb3b6553a1b","Мороженое пломбир Bahroma Тирамису 12%, 320 г","magnit","2026-09-17 16:56:14.885",769.99,499.99,"provisional"
"prod_b6efacb3b6553a1b","Мороженое пломбир Bahroma Тирамису 12%, 320 г","magnit","2026-09-17 17:06:16.541",769.99,499.99,"provisional"
"prod_b6efacb3b6553a1b","Мороженое пломбир Bahroma Тирамису 12%, 320 г","magnit","2026-09-17 17:16:17.152",769.99,499.99,"provisional"
"prod_b6efacb3b6553a1b","Мороженое пломбир Bahroma Тирамису 12%, 320 г","magnit","2026-09-17 17:26:17.690",769.99,499.99,"provisional"
"prod_b6efacb3b6553a1b","Мороженое пломбир Bahroma Тирамису 12%, 320 г","magnit","2026-09-17 17:36:18.291",769.99,499.99,"provisional"
"prod_b6efacb3b6553a1b","Мороженое пломбир Bahroma Тирамису 12%, 320 г","magnit","2026-09-17 17:46:19.274",769.99,499.99,"provisional"
"prod_b6efacb3b6553a1b","Мороженое пломбир Bahroma Тирамису 12%, 320 г","magnit","2026-09-17 17:56:19.886",769.99,499.99,"provisional"
"prod_b6efacb3b6553a1b","Мороженое пломбир Bahroma Тирамису 12%, 320 г","magnit","2026-09-17 18:06:20.681",769.99,499.99,"provisional"
"prod_b6efacb3b6553a1b","Мороженое пломбир Bahroma Тирамису 12%, 320 г","magnit","2026-09-17 18:16:21.228",769.99,499.99,"provisional"
"prod_b6efacb3b6553a1b","Мороженое пломбир Bahroma Тирамису 12%, 320 г","magnit","2026-09-17 18:26:21.918",769.99,499.99,"provisional"
"prod_b6efacb3b6553a1b","Мороженое пломбир Bahroma Тирамису 12%, 320 г","magnit","2026-09-17 18:36:23.429",769.99,499.99,"provisional"
"prod_b6efacb3b6553a1b","Мороженое пломбир Bahroma Тирамису 12%, 320 г","magnit","2026-09-17 18:46:24.065",769.99,499.99,"provisional"
"prod_b6efacb3b6553a1b","Мороженое пломбир Bahroma Тирамису 12%, 320 г","magnit","2026-09-17 18:56:24.992",769.99,499.99,"provisional"
"prod_b6efacb3b6553a1b","Мороженое пломбир Bahroma Тирамису 12%, 320 г","magnit","2026-09-17 19:06:25.897",769.99,499.99,"provisional"
"prod_b6efacb3b6553a1b","Мороженое пломбир Bahroma Тирамису 12%, 320 г","magnit","2026-09-17 19:16:26.727",769.99,499.99,"provisional"
"prod_b6efacb3b6553a1b","Мороженое пломбир Bahroma Тирамису 12%, 320 г","magnit","2026-09-17 19:26:27.337",769.99,499.99,"provisional"
"prod_b6efacb3b6553a1b","Мороженое пломбир Bahroma Тирамису 12%, 320 г","magnit","2026-09-17 19:36:28.193",769.99,499.99,"provisional"
"prod_bb11154ef46c05a5","Вок гречневая лапша с креветками, очищенными вареными РЕСТО ШИК , 200г","lenta","2026-09-17 16:56:58.105",136.89,129.99,"provisional"
"prod_bb11154ef46c05a5","Вок гречневая лапша с креветками, очищенными вареными РЕСТО ШИК , 200г","lenta","2026-09-17 17:08:00.216",136.89,129.99,"provisional"
"prod_bb11154ef46c05a5","Вок гречневая лапша с креветками, очищенными вареными РЕСТО ШИК , 200г","lenta","2026-09-17 17:19:01.011",136.89,129.99,"provisional"
"prod_bb11154ef46c05a5","Вок гречневая лапша с креветками, очищенными вареными РЕСТО ШИК , 200г","lenta","2026-09-17 17:30:00.027",136.89,129.99,"provisional"
"prod_bb11154ef46c05a5","Вок гречневая лапша с креветками, очищенными вареными РЕСТО ШИК , 200г","lenta","2026-09-17 17:40:59.541",136.89,129.99,"provisional"
"prod_bb11154ef46c05a5","Вок гречневая лапша с креветками, очищенными вареными РЕСТО ШИК , 200г","lenta","2026-09-17 17:52:02.362",136.89,129.99,"provisional"
"prod_bb11154ef46c05a5","Вок гречневая лапша с креветками, очищенными вареными РЕСТО ШИК , 200г","lenta","2026-09-17 18:03:00.810",136.89,129.99,"provisional"
"prod_bb11154ef46c05a5","Вок гречневая лапша с креветками, очищенными вареными РЕСТО ШИК , 200г","lenta","2026-09-17 18:13:58.420",136.89,129.99,"provisional"
"prod_bb11154ef46c05a5","Вок гречневая лапша с креветками, очищенными вареными РЕСТО ШИК , 200г","lenta","2026-09-17 18:24:57.406",136.89,129.99,"provisional"
"prod_bb11154ef46c05a5","Вок гречневая лапша с креветками, очищенными вареными РЕСТО ШИК , 200г","lenta","2026-09-17 18:35:56.414",136.89,129.99,"provisional"
"prod_bb11154ef46c05a5","Вок гречневая лапша с креветками, очищенными вареными РЕСТО ШИК , 200г","lenta","2026-09-17 18:46:51.230",136.89,129.99,"provisional"
"prod_bb11154ef46c05a5","Вок гречневая лапша с креветками, очищенными вареными РЕСТО ШИК , 200г","lenta","2026-09-17 18:57:47.594",136.89,129.99,"provisional"
"prod_bb11154ef46c05a5","Вок гречневая лапша с креветками, очищенными вареными РЕСТО ШИК , 200г","lenta","2026-09-17 19:08:44.073",136.89,129.99,"provisional"
"prod_bb11154ef46c05a5","Вок гречневая лапша с креветками, очищенными вареными РЕСТО ШИК , 200г","lenta","2026-09-17 19:19:51.152",136.89,129.99,"provisional"
"prod_bb11154ef46c05a5","Вок гречневая лапша с креветками, очищенными вареными РЕСТО ШИК , 200г","lenta","2026-09-17 19:30:47.870",136.89,129.99,"provisional"
"prod_bba052195e019988","Стиральная машина Candy CSO4 276TWM-07","holodilnik","2026-09-17 16:56:15.120",37999,26499,"provisional"
"prod_bba052195e019988","Стиральная машина Candy CSO4 276TWM-07","holodilnik","2026-09-17 17:06:16.567",37999,26499,"provisional"
"prod_bba052195e019988","Стиральная машина Candy CSO4 276TWM-07","holodilnik","2026-09-17 17:16:17.418",37999,26499,"provisional"
"prod_bba052195e019988","Стиральная машина Candy CSO4 276TWM-07","holodilnik","2026-09-17 17:26:18.300",37999,26499,"provisional"
"prod_bba052195e019988","Стиральная машина Candy CSO4 276TWM-07","holodilnik","2026-09-17 17:36:18.922",37999,26499,"provisional"
"prod_bba052195e019988","Стиральная машина Candy CSO4 276TWM-07","holodilnik","2026-09-17 17:46:19.525",37999,26499,"provisional"
"prod_bba052195e019988","Стиральная машина Candy CSO4 276TWM-07","holodilnik","2026-09-17 17:56:20.181",37999,26499,"provisional"
"prod_bba052195e019988","Стиральная машина Candy CSO4 276TWM-07","holodilnik","2026-09-17 18:06:20.811",37999,26499,"provisional"
"prod_bba052195e019988","Стиральная машина Candy CSO4 276TWM-07","holodilnik","2026-09-17 18:16:21.505",37999,26499,"provisional"
"prod_bba052195e019988","Стиральная машина Candy CSO4 276TWM-07","holodilnik","2026-09-17 18:26:22.183",37999,26499,"provisional"
"prod_bba052195e019988","Стиральная машина Candy CSO4 276TWM-07","holodilnik","2026-09-17 18:36:23.742",37999,26499,"provisional"
"prod_bba052195e019988","Стиральная машина Candy CSO4 276TWM-07","holodilnik","2026-09-17 18:46:24.346",37999,26499,"provisional"
"prod_bba052195e019988","Стиральная машина Candy CSO4 276TWM-07","holodilnik","2026-09-17 18:56:25.044",37999,26499,"provisional"
"prod_bba052195e019988","Стиральная машина Candy CSO4 276TWM-07","holodilnik","2026-09-17 19:06:25.696",37999,26499,"provisional"
"prod_bba052195e019988","Стиральная машина Candy CSO4 276TWM-07","holodilnik","2026-09-17 19:16:26.476",37999,26499,"provisional"
"prod_bba052195e019988","Стиральная машина Candy CSO4 276TWM-07","holodilnik","2026-09-17 19:26:27.028",37999,26499,"provisional"
"prod_bba052195e019988","Стиральная машина Candy CSO4 276TWM-07","holodilnik","2026-09-17 19:36:27.824",37999,26499,"provisional"
"prod_bc52a3ffec053e4f","Стиральная машина Stinol WSTU 410 C","holodilnik","2026-09-17 16:56:15.154",22490,19599,"provisional"
"prod_bc52a3ffec053e4f","Стиральная машина Stinol WSTU 410 C","holodilnik","2026-09-17 17:06:16.578",22490,19599,"provisional"
"prod_bc52a3ffec053e4f","Стиральная машина Stinol WSTU 410 C","holodilnik","2026-09-17 17:16:17.429",22490,19599,"provisional"
"prod_bc52a3ffec053e4f","Стиральная машина Stinol WSTU 410 C","holodilnik","2026-09-17 17:26:18.313",22490,19599,"provisional"
"prod_bc52a3ffec053e4f","Стиральная машина Stinol WSTU 410 C","holodilnik","2026-09-17 17:36:18.932",22490,19599,"provisional"
"prod_bc52a3ffec053e4f","Стиральная машина Stinol WSTU 410 C","holodilnik","2026-09-17 17:46:19.537",22490,19599,"provisional"
"prod_bc52a3ffec053e4f","Стиральная машина Stinol WSTU 410 C","holodilnik","2026-09-17 17:56:20.191",22490,19599,"provisional"
"prod_bc52a3ffec053e4f","Стиральная машина Stinol WSTU 410 C","holodilnik","2026-09-17 18:06:20.822",22490,19599,"provisional"
"prod_bc52a3ffec053e4f","Стиральная машина Stinol WSTU 410 C","holodilnik","2026-09-17 18:16:21.516",22490,19599,"provisional"
"prod_bc52a3ffec053e4f","Стиральная машина Stinol WSTU 410 C","holodilnik","2026-09-17 18:26:22.195",22490,19599,"provisional"
"prod_bc52a3ffec053e4f","Стиральная машина Stinol WSTU 410 C","holodilnik","2026-09-17 18:36:23.753",22490,19599,"provisional"
"prod_bc52a3ffec053e4f","Стиральная машина Stinol WSTU 410 C","holodilnik","2026-09-17 18:46:24.358",22490,19599,"provisional"
"prod_bc52a3ffec053e4f","Стиральная машина Stinol WSTU 410 C","holodilnik","2026-09-17 18:56:25.056",22490,19599,"provisional"
"prod_bc52a3ffec053e4f","Стиральная машина Stinol WSTU 410 C","holodilnik","2026-09-17 19:06:25.708",22490,19599,"provisional"
"prod_bc52a3ffec053e4f","Стиральная машина Stinol WSTU 410 C","holodilnik","2026-09-17 19:16:26.486",22490,19599,"provisional"
"prod_bc52a3ffec053e4f","Стиральная машина Stinol WSTU 410 C","holodilnik","2026-09-17 19:26:27.039",22490,19599,"provisional"
"prod_bc52a3ffec053e4f","Стиральная машина Stinol WSTU 410 C","holodilnik","2026-09-17 19:36:27.838",22490,19599,"provisional"
"prod_c4be682170835b35","Яйцо шоколадное MEGA SECRET Воздушные зверята , 20г","lenta","2026-09-17 16:56:49.843",61.09,49.99,"provisional"
"prod_c4be682170835b35","Яйцо шоколадное MEGA SECRET Воздушные зверята , 20г","lenta","2026-09-17 17:07:50.769",61.09,49.99,"provisional"
"prod_c4be682170835b35","Яйцо шоколадное MEGA SECRET Воздушные зверята , 20г","lenta","2026-09-17 17:18:52.899",61.09,49.99,"provisional"
"prod_c4be682170835b35","Яйцо шоколадное MEGA SECRET Воздушные зверята , 20г","lenta","2026-09-17 17:29:51.781",61.09,49.99,"provisional"
"prod_c4be682170835b35","Яйцо шоколадное MEGA SECRET Воздушные зверята , 20г","lenta","2026-09-17 17:40:51.169",61.09,49.99,"provisional"
"prod_c4be682170835b35","Яйцо шоколадное MEGA SECRET Воздушные зверята , 20г","lenta","2026-09-17 17:51:53.758",61.09,49.99,"provisional"
"prod_c4be682170835b35","Яйцо шоколадное MEGA SECRET Воздушные зверята , 20г","lenta","2026-09-17 18:02:52.871",61.09,49.99,"provisional"
"prod_c4be682170835b35","Яйцо шоколадное MEGA SECRET Воздушные зверята , 20г","lenta","2026-09-17 18:13:50.926",61.09,49.99,"provisional"
"prod_c4be682170835b35","Яйцо шоколадное MEGA SECRET Воздушные зверята , 20г","lenta","2026-09-17 18:24:49.702",61.09,49.99,"provisional"
"prod_c4be682170835b35","Яйцо шоколадное MEGA SECRET Воздушные зверята , 20г","lenta","2026-09-17 18:35:48.801",61.09,49.99,"provisional"
"prod_c4be682170835b35","Яйцо шоколадное MEGA SECRET Воздушные зверята , 20г","lenta","2026-09-17 18:46:43.732",61.09,49.99,"provisional"
"prod_c4be682170835b35","Яйцо шоколадное MEGA SECRET Воздушные зверята , 20г","lenta","2026-09-17 18:57:39.661",61.09,49.99,"provisional"
"prod_c4be682170835b35","Яйцо шоколадное MEGA SECRET Воздушные зверята , 20г","lenta","2026-09-17 19:08:36.001",61.09,49.99,"provisional"
"prod_c4be682170835b35","Яйцо шоколадное MEGA SECRET Воздушные зверята , 20г","lenta","2026-09-17 19:19:43.880",61.09,49.99,"provisional"
"prod_c4be682170835b35","Яйцо шоколадное MEGA SECRET Воздушные зверята , 20г","lenta","2026-09-17 19:30:40.702",61.09,49.99,"provisional"
"prod_c594ac1c954f453e","Стиральная машина Candy Smart Pro CSO34106TB1/2-07","holodilnik","2026-09-17 16:56:15.109",30999,23099,"provisional"
"prod_c594ac1c954f453e","Стиральная машина Candy Smart Pro CSO34106TB1/2-07","holodilnik","2026-09-17 17:06:16.562",30999,23099,"provisional"
"prod_c594ac1c954f453e","Стиральная машина Candy Smart Pro CSO34106TB1/2-07","holodilnik","2026-09-17 17:16:17.414",30999,23099,"provisional"
"prod_c594ac1c954f453e","Стиральная машина Candy Smart Pro CSO34106TB1/2-07","holodilnik","2026-09-17 17:26:18.295",30999,23099,"provisional"
"prod_c594ac1c954f453e","Стиральная машина Candy Smart Pro CSO34106TB1/2-07","holodilnik","2026-09-17 17:36:18.917",30999,23099,"provisional"
"prod_c594ac1c954f453e","Стиральная машина Candy Smart Pro CSO34106TB1/2-07","holodilnik","2026-09-17 17:46:19.520",30999,23099,"provisional"
"prod_c594ac1c954f453e","Стиральная машина Candy Smart Pro CSO34106TB1/2-07","holodilnik","2026-09-17 17:56:20.176",30999,23099,"provisional"
"prod_c594ac1c954f453e","Стиральная машина Candy Smart Pro CSO34106TB1/2-07","holodilnik","2026-09-17 18:06:20.805",30999,23099,"provisional"
"prod_c594ac1c954f453e","Стиральная машина Candy Smart Pro CSO34106TB1/2-07","holodilnik","2026-09-17 18:16:21.501",30999,23099,"provisional"
"prod_c594ac1c954f453e","Стиральная машина Candy Smart Pro CSO34106TB1/2-07","holodilnik","2026-09-17 18:26:22.179",30999,23099,"provisional"
"prod_c594ac1c954f453e","Стиральная машина Candy Smart Pro CSO34106TB1/2-07","holodilnik","2026-09-17 18:36:23.737",30999,23099,"provisional"
"prod_c594ac1c954f453e","Стиральная машина Candy Smart Pro CSO34106TB1/2-07","holodilnik","2026-09-17 18:46:24.342",30999,23099,"provisional"
"prod_c594ac1c954f453e","Стиральная машина Candy Smart Pro CSO34106TB1/2-07","holodilnik","2026-09-17 18:56:25.039",30999,23099,"provisional"
"prod_c594ac1c954f453e","Стиральная машина Candy Smart Pro CSO34106TB1/2-07","holodilnik","2026-09-17 19:06:25.691",30999,23099,"provisional"
"prod_c594ac1c954f453e","Стиральная машина Candy Smart Pro CSO34106TB1/2-07","holodilnik","2026-09-17 19:16:26.471",30999,23099,"provisional"
"prod_c594ac1c954f453e","Стиральная машина Candy Smart Pro CSO34106TB1/2-07","holodilnik","2026-09-17 19:26:27.023",30999,23099,"provisional"
"prod_c594ac1c954f453e","Стиральная машина Candy Smart Pro CSO34106TB1/2-07","holodilnik","2026-09-17 19:36:27.818",30999,23099,"provisional"
"prod_c5fcaa68436b19ac","Гель для волос и тела мужской SOKOLOV Vetiver&Cedar , 1000мл","lenta","2026-09-17 16:56:41.154",273.69,159.99,"provisional"
"prod_c5fcaa68436b19ac","Гель для волос и тела мужской SOKOLOV Vetiver&Cedar , 1000мл","lenta","2026-09-17 17:07:41.767",273.69,159.99,"provisional"
"prod_c5fcaa68436b19ac","Гель для волос и тела мужской SOKOLOV Vetiver&Cedar , 1000мл","lenta","2026-09-17 17:18:44.018",273.69,159.99,"provisional"
"prod_c5fcaa68436b19ac","Гель для волос и тела мужской SOKOLOV Vetiver&Cedar , 1000мл","lenta","2026-09-17 17:29:43.776",273.69,159.99,"provisional"
"prod_c5fcaa68436b19ac","Гель для волос и тела мужской SOKOLOV Vetiver&Cedar , 1000мл","lenta","2026-09-17 17:40:42.713",273.69,159.99,"provisional"
"prod_c5fcaa68436b19ac","Гель для волос и тела мужской SOKOLOV Vetiver&Cedar , 1000мл","lenta","2026-09-17 17:51:44.855",273.69,159.99,"provisional"
"prod_c5fcaa68436b19ac","Гель для волос и тела мужской SOKOLOV Vetiver&Cedar , 1000мл","lenta","2026-09-17 18:02:45.124",273.69,159.99,"provisional"
"prod_c5fcaa68436b19ac","Гель для волос и тела мужской SOKOLOV Vetiver&Cedar , 1000мл","lenta","2026-09-17 18:13:43.128",273.69,159.99,"provisional"
"prod_c5fcaa68436b19ac","Гель для волос и тела мужской SOKOLOV Vetiver&Cedar , 1000мл","lenta","2026-09-17 18:24:40.654",273.69,159.99,"provisional"
"prod_c5fcaa68436b19ac","Гель для волос и тела мужской SOKOLOV Vetiver&Cedar , 1000мл","lenta","2026-09-17 18:35:39.995",273.69,159.99,"provisional"
"prod_c5fcaa68436b19ac","Гель для волос и тела мужской SOKOLOV Vetiver&Cedar , 1000мл","lenta","2026-09-17 18:46:36.346",273.69,159.99,"provisional"
"prod_c5fcaa68436b19ac","Гель для волос и тела мужской SOKOLOV Vetiver&Cedar , 1000мл","lenta","2026-09-17 18:57:30.542",273.69,159.99,"provisional"
"prod_c5fcaa68436b19ac","Гель для волос и тела мужской SOKOLOV Vetiver&Cedar , 1000мл","lenta","2026-09-17 19:08:27.953",273.69,159.99,"provisional"
"prod_c5fcaa68436b19ac","Гель для волос и тела мужской SOKOLOV Vetiver&Cedar , 1000мл","lenta","2026-09-17 19:19:35.313",273.69,159.99,"provisional"
"prod_c5fcaa68436b19ac","Гель для волос и тела мужской SOKOLOV Vetiver&Cedar , 1000мл","lenta","2026-09-17 19:30:31.921",273.69,159.99,"provisional"
"prod_cf3c2ad0546e0a88","Дозатор для мыла Wellfort, стекло Bohemian","magnit","2026-09-17 16:56:14.905",179.99,139.99,"provisional"
"prod_cf3c2ad0546e0a88","Дозатор для мыла Wellfort, стекло Bohemian","magnit","2026-09-17 17:06:16.548",179.99,139.99,"provisional"
"prod_cf3c2ad0546e0a88","Дозатор для мыла Wellfort, стекло Bohemian","magnit","2026-09-17 17:16:17.158",179.99,139.99,"provisional"
"prod_cf3c2ad0546e0a88","Дозатор для мыла Wellfort, стекло Bohemian","magnit","2026-09-17 17:26:17.695",179.99,139.99,"provisional"
"prod_cf3c2ad0546e0a88","Дозатор для мыла Wellfort, стекло Bohemian","magnit","2026-09-17 17:36:18.297",179.99,139.99,"provisional"
"prod_cf3c2ad0546e0a88","Дозатор для мыла Wellfort, стекло Bohemian","magnit","2026-09-17 17:46:19.281",179.99,139.99,"provisional"
"prod_cf3c2ad0546e0a88","Дозатор для мыла Wellfort, стекло Bohemian","magnit","2026-09-17 17:56:19.892",179.99,139.99,"provisional"
"prod_cf3c2ad0546e0a88","Дозатор для мыла Wellfort, стекло Bohemian","magnit","2026-09-17 18:06:20.688",179.99,139.99,"provisional"
"prod_cf3c2ad0546e0a88","Дозатор для мыла Wellfort, стекло Bohemian","magnit","2026-09-17 18:16:21.234",179.99,139.99,"provisional"
"prod_cf3c2ad0546e0a88","Дозатор для мыла Wellfort, стекло Bohemian","magnit","2026-09-17 18:26:21.925",179.99,139.99,"provisional"
"prod_cf3c2ad0546e0a88","Дозатор для мыла Wellfort, стекло Bohemian","magnit","2026-09-17 18:36:23.435",179.99,139.99,"provisional"
"prod_cf3c2ad0546e0a88","Дозатор для мыла Wellfort, стекло Bohemian","magnit","2026-09-17 18:46:24.072",179.99,139.99,"provisional"
"prod_cf3c2ad0546e0a88","Дозатор для мыла Wellfort, стекло Bohemian","magnit","2026-09-17 18:56:25.005",179.99,139.99,"provisional"
"prod_cf3c2ad0546e0a88","Дозатор для мыла Wellfort, стекло Bohemian","magnit","2026-09-17 19:06:25.908",179.99,139.99,"provisional"
"prod_cf3c2ad0546e0a88","Дозатор для мыла Wellfort, стекло Bohemian","magnit","2026-09-17 19:16:26.734",179.99,139.99,"provisional"
"prod_cf3c2ad0546e0a88","Дозатор для мыла Wellfort, стекло Bohemian","magnit","2026-09-17 19:26:27.345",179.99,139.99,"provisional"
"prod_cf3c2ad0546e0a88","Дозатор для мыла Wellfort, стекло Bohemian","magnit","2026-09-17 19:36:28.204",179.99,139.99,"provisional"
"prod_d0bc475036e8304c","Яйцо шоколадное MEGA SECRET Кристалята , 20г","lenta","2026-09-17 16:56:46.921",61.09,49.99,"provisional"
"prod_d0bc475036e8304c","Яйцо шоколадное MEGA SECRET Кристалята , 20г","lenta","2026-09-17 17:07:47.824",61.09,49.99,"provisional"
"prod_d0bc475036e8304c","Яйцо шоколадное MEGA SECRET Кристалята , 20г","lenta","2026-09-17 17:18:50.259",61.09,49.99,"provisional"
"prod_d0bc475036e8304c","Яйцо шоколадное MEGA SECRET Кристалята , 20г","lenta","2026-09-17 17:29:48.899",61.09,49.99,"provisional"
"prod_d0bc475036e8304c","Яйцо шоколадное MEGA SECRET Кристалята , 20г","lenta","2026-09-17 17:40:48.412",61.09,49.99,"provisional"
"prod_d0bc475036e8304c","Яйцо шоколадное MEGA SECRET Кристалята , 20г","lenta","2026-09-17 17:51:50.791",61.09,49.99,"provisional"
"prod_d0bc475036e8304c","Яйцо шоколадное MEGA SECRET Кристалята , 20г","lenta","2026-09-17 18:02:50.224",61.09,49.99,"provisional"
"prod_d0bc475036e8304c","Яйцо шоколадное MEGA SECRET Кристалята , 20г","lenta","2026-09-17 18:13:47.956",61.09,49.99,"provisional"
"prod_d0bc475036e8304c","Яйцо шоколадное MEGA SECRET Кристалята , 20г","lenta","2026-09-17 18:24:47.047",61.09,49.99,"provisional"
"prod_d0bc475036e8304c","Яйцо шоколадное MEGA SECRET Кристалята , 20г","lenta","2026-09-17 18:35:45.884",61.09,49.99,"provisional"
"prod_d0bc475036e8304c","Яйцо шоколадное MEGA SECRET Кристалята , 20г","lenta","2026-09-17 18:46:40.813",61.09,49.99,"provisional"
"prod_d0bc475036e8304c","Яйцо шоколадное MEGA SECRET Кристалята , 20г","lenta","2026-09-17 18:57:37.241",61.09,49.99,"provisional"
"prod_d0bc475036e8304c","Яйцо шоколадное MEGA SECRET Кристалята , 20г","lenta","2026-09-17 19:08:33.803",61.09,49.99,"provisional"
"prod_d0bc475036e8304c","Яйцо шоколадное MEGA SECRET Кристалята , 20г","lenta","2026-09-17 19:19:41.054",61.09,49.99,"provisional"
"prod_d0bc475036e8304c","Яйцо шоколадное MEGA SECRET Кристалята , 20г","lenta","2026-09-17 19:30:37.816",61.09,49.99,"provisional"
"prod_d2f79fd4fbb0f364","I NEED A NUDE Палетка теней","iledebeaute","2026-09-17 16:56:17.579",11030,7721,"provisional"
"prod_d2f79fd4fbb0f364","I NEED A NUDE Палетка теней","iledebeaute","2026-09-17 17:07:07.362",11030,7721,"provisional"
"prod_d2f79fd4fbb0f364","I NEED A NUDE Палетка теней","iledebeaute","2026-09-17 17:17:58.895",11030,7721,"provisional"
"prod_d2f79fd4fbb0f364","I NEED A NUDE Палетка теней","iledebeaute","2026-09-17 17:28:47.211",11030,7721,"provisional"
"prod_d2f79fd4fbb0f364","I NEED A NUDE Палетка теней","iledebeaute","2026-09-17 17:39:35.890",11030,7721,"provisional"
"prod_d2f79fd4fbb0f364","I NEED A NUDE Палетка теней","iledebeaute","2026-09-17 17:50:25.646",11030,7721,"provisional"
"prod_d2f79fd4fbb0f364","I NEED A NUDE Палетка теней","iledebeaute","2026-09-17 18:01:15.055",11030,7721,"provisional"
"prod_d2f79fd4fbb0f364","I NEED A NUDE Палетка теней","iledebeaute","2026-09-17 18:12:03.256",11030,7721,"provisional"
"prod_d2f79fd4fbb0f364","I NEED A NUDE Палетка теней","iledebeaute","2026-09-17 18:22:51.875",11030,7721,"provisional"
"prod_d2f79fd4fbb0f364","I NEED A NUDE Палетка теней","iledebeaute","2026-09-17 18:33:40.740",11030,7721,"provisional"
"prod_d2f79fd4fbb0f364","I NEED A NUDE Палетка теней","iledebeaute","2026-09-17 18:44:30.204",11030,7721,"provisional"
"prod_d2f79fd4fbb0f364","I NEED A NUDE Палетка теней","iledebeaute","2026-09-17 18:55:18.355",11030,7721,"provisional"
"prod_d2f79fd4fbb0f364","I NEED A NUDE Палетка теней","iledebeaute","2026-09-17 19:06:07.551",11030,7721,"provisional"
"prod_d2f79fd4fbb0f364","I NEED A NUDE Палетка теней","iledebeaute","2026-09-17 19:16:56.510",11030,7721,"provisional"
"prod_d2f79fd4fbb0f364","I NEED A NUDE Палетка теней","iledebeaute","2026-09-17 19:27:46.163",11030,7721,"provisional"
"prod_d2f79fd4fbb0f364","I NEED A NUDE Палетка теней","iledebeaute","2026-09-17 19:38:35.793",11030,7721,"provisional"
"prod_d8641d7c1a98320e","Набор подарочный M&M'S & FRIENDS Снова в школу, книга , 168г","lenta","2026-09-17 16:56:28.695",252.69,169.99,"provisional"
"prod_d8641d7c1a98320e","Набор подарочный M&M'S & FRIENDS Снова в школу, книга , 168г","lenta","2026-09-17 17:07:29.678",252.69,169.99,"provisional"
"prod_d8641d7c1a98320e","Набор подарочный M&M'S & FRIENDS Снова в школу, книга , 168г","lenta","2026-09-17 17:18:31.747",252.69,169.99,"provisional"
"prod_d8641d7c1a98320e","Набор подарочный M&M'S & FRIENDS Снова в школу, книга , 168г","lenta","2026-09-17 17:29:32.648",252.69,169.99,"provisional"
"prod_d8641d7c1a98320e","Набор подарочный M&M'S & FRIENDS Снова в школу, книга , 168г","lenta","2026-09-17 17:40:31.739",252.69,169.99,"provisional"
"prod_d8641d7c1a98320e","Набор подарочный M&M'S & FRIENDS Снова в школу, книга , 168г","lenta","2026-09-17 17:51:34.510",252.69,169.99,"provisional"
"prod_d8641d7c1a98320e","Набор подарочный M&M'S & FRIENDS Снова в школу, книга , 168г","lenta","2026-09-17 18:02:33.803",252.69,169.99,"provisional"
"prod_d8641d7c1a98320e","Набор подарочный M&M'S & FRIENDS Снова в школу, книга , 168г","lenta","2026-09-17 18:13:31.850",252.69,169.99,"provisional"
"prod_d8641d7c1a98320e","Набор подарочный M&M'S & FRIENDS Снова в школу, книга , 168г","lenta","2026-09-17 18:24:28.954",252.69,169.99,"provisional"
"prod_d8641d7c1a98320e","Набор подарочный M&M'S & FRIENDS Снова в школу, книга , 168г","lenta","2026-09-17 18:35:29.094",252.69,169.99,"provisional"
"prod_d8641d7c1a98320e","Набор подарочный M&M'S & FRIENDS Снова в школу, книга , 168г","lenta","2026-09-17 18:46:25.308",252.69,169.99,"provisional"
"prod_d8641d7c1a98320e","Набор подарочный M&M'S & FRIENDS Снова в школу, книга , 168г","lenta","2026-09-17 18:57:19.922",252.69,169.99,"provisional"
"prod_d8641d7c1a98320e","Набор подарочный M&M'S & FRIENDS Снова в школу, книга , 168г","lenta","2026-09-17 19:08:17.662",252.69,169.99,"provisional"
"prod_d8641d7c1a98320e","Набор подарочный M&M'S & FRIENDS Снова в школу, книга , 168г","lenta","2026-09-17 19:19:25.434",252.69,169.99,"provisional"
"prod_d8641d7c1a98320e","Набор подарочный M&M'S & FRIENDS Снова в школу, книга , 168г","lenta","2026-09-17 19:30:21.098",252.69,169.99,"provisional"
"prod_da3dc427b239a3fb","Мороженое Ля Фам Чёрная ночь ванильное с клюквой в шоколадной глазури 8%, 80 г","magnit","2026-09-17 16:56:14.890",138.99,89.99,"provisional"
"prod_da3dc427b239a3fb","Мороженое Ля Фам Чёрная ночь ванильное с клюквой в шоколадной глазури 8%, 80 г","magnit","2026-09-17 17:06:16.542",138.99,89.99,"provisional"
"prod_da3dc427b239a3fb","Мороженое Ля Фам Чёрная ночь ванильное с клюквой в шоколадной глазури 8%, 80 г","magnit","2026-09-17 17:16:17.153",138.99,89.99,"provisional"
"prod_da3dc427b239a3fb","Мороженое Ля Фам Чёрная ночь ванильное с клюквой в шоколадной глазури 8%, 80 г","magnit","2026-09-17 17:26:17.690",138.99,89.99,"provisional"
"prod_da3dc427b239a3fb","Мороженое Ля Фам Чёрная ночь ванильное с клюквой в шоколадной глазури 8%, 80 г","magnit","2026-09-17 17:36:18.292",138.99,89.99,"provisional"
"prod_da3dc427b239a3fb","Мороженое Ля Фам Чёрная ночь ванильное с клюквой в шоколадной глазури 8%, 80 г","magnit","2026-09-17 17:46:19.275",138.99,89.99,"provisional"
"prod_da3dc427b239a3fb","Мороженое Ля Фам Чёрная ночь ванильное с клюквой в шоколадной глазури 8%, 80 г","magnit","2026-09-17 17:56:19.887",138.99,89.99,"provisional"
"prod_da3dc427b239a3fb","Мороженое Ля Фам Чёрная ночь ванильное с клюквой в шоколадной глазури 8%, 80 г","magnit","2026-09-17 18:06:20.682",138.99,89.99,"provisional"
"prod_da3dc427b239a3fb","Мороженое Ля Фам Чёрная ночь ванильное с клюквой в шоколадной глазури 8%, 80 г","magnit","2026-09-17 18:16:21.229",138.99,89.99,"provisional"
"prod_da3dc427b239a3fb","Мороженое Ля Фам Чёрная ночь ванильное с клюквой в шоколадной глазури 8%, 80 г","magnit","2026-09-17 18:26:21.919",138.99,89.99,"provisional"
"prod_da3dc427b239a3fb","Мороженое Ля Фам Чёрная ночь ванильное с клюквой в шоколадной глазури 8%, 80 г","magnit","2026-09-17 18:36:23.430",138.99,89.99,"provisional"
"prod_da3dc427b239a3fb","Мороженое Ля Фам Чёрная ночь ванильное с клюквой в шоколадной глазури 8%, 80 г","magnit","2026-09-17 18:46:24.066",138.99,89.99,"provisional"
"prod_da3dc427b239a3fb","Мороженое Ля Фам Чёрная ночь ванильное с клюквой в шоколадной глазури 8%, 80 г","magnit","2026-09-17 18:56:24.994",138.99,89.99,"provisional"
"prod_da3dc427b239a3fb","Мороженое Ля Фам Чёрная ночь ванильное с клюквой в шоколадной глазури 8%, 80 г","magnit","2026-09-17 19:06:25.899",138.99,89.99,"provisional"
"prod_da3dc427b239a3fb","Мороженое Ля Фам Чёрная ночь ванильное с клюквой в шоколадной глазури 8%, 80 г","magnit","2026-09-17 19:16:26.728",138.99,89.99,"provisional"
"prod_da3dc427b239a3fb","Мороженое Ля Фам Чёрная ночь ванильное с клюквой в шоколадной глазури 8%, 80 г","magnit","2026-09-17 19:26:27.338",138.99,89.99,"provisional"
"prod_da3dc427b239a3fb","Мороженое Ля Фам Чёрная ночь ванильное с клюквой в шоколадной глазури 8%, 80 г","magnit","2026-09-17 19:36:28.195",138.99,89.99,"provisional"
"prod_dc48b8d188cc01fe","Мясо По‑французски РЕСТО ШИК , 200г","lenta","2026-09-17 16:57:00.884",199.99,189.99,"provisional"
"prod_dc48b8d188cc01fe","Мясо По‑французски РЕСТО ШИК , 200г","lenta","2026-09-17 17:08:03.130",199.99,189.99,"provisional"
"prod_dc48b8d188cc01fe","Мясо По‑французски РЕСТО ШИК , 200г","lenta","2026-09-17 17:19:03.861",199.99,189.99,"provisional"
"prod_dc48b8d188cc01fe","Мясо По‑французски РЕСТО ШИК , 200г","lenta","2026-09-17 17:30:03.368",199.99,189.99,"provisional"
"prod_dc48b8d188cc01fe","Мясо По‑французски РЕСТО ШИК , 200г","lenta","2026-09-17 17:41:02.258",199.99,189.99,"provisional"
"prod_dc48b8d188cc01fe","Мясо По‑французски РЕСТО ШИК , 200г","lenta","2026-09-17 17:52:05.166",199.99,189.99,"provisional"
"prod_dc48b8d188cc01fe","Мясо По‑французски РЕСТО ШИК , 200г","lenta","2026-09-17 18:03:03.058",199.99,189.99,"provisional"
"prod_dc48b8d188cc01fe","Мясо По‑французски РЕСТО ШИК , 200г","lenta","2026-09-17 18:14:01.029",199.99,189.99,"provisional"
"prod_dc48b8d188cc01fe","Мясо По‑французски РЕСТО ШИК , 200г","lenta","2026-09-17 18:25:00.496",199.99,189.99,"provisional"
"prod_dc48b8d188cc01fe","Мясо По‑французски РЕСТО ШИК , 200г","lenta","2026-09-17 18:35:59.234",199.99,189.99,"provisional"
"prod_dc48b8d188cc01fe","Мясо По‑французски РЕСТО ШИК , 200г","lenta","2026-09-17 18:46:53.424",199.99,189.99,"provisional"
"prod_dc48b8d188cc01fe","Мясо По‑французски РЕСТО ШИК , 200г","lenta","2026-09-17 18:57:50.414",199.99,189.99,"provisional"
"prod_dc48b8d188cc01fe","Мясо По‑французски РЕСТО ШИК , 200г","lenta","2026-09-17 19:08:46.832",199.99,189.99,"provisional"
"prod_dc48b8d188cc01fe","Мясо По‑французски РЕСТО ШИК , 200г","lenta","2026-09-17 19:19:53.450",199.99,189.99,"provisional"
"prod_dc48b8d188cc01fe","Мясо По‑французски РЕСТО ШИК , 200г","lenta","2026-09-17 19:30:50.820",199.99,189.99,"provisional"
"prod_dca39e6bdf32297c","Смесь молочная SIMILAC Неошур, для недоношенных и маловесных детей, с рождения , 370гр","lenta","2026-09-17 16:57:06.999",78.99,59.99,"provisional"
"prod_dca39e6bdf32297c","Смесь молочная SIMILAC Неошур, для недоношенных и маловесных детей, с рождения , 370гр","lenta","2026-09-17 17:08:09.077",78.99,59.99,"provisional"
"prod_dca39e6bdf32297c","Смесь молочная SIMILAC Неошур, для недоношенных и маловесных детей, с рождения , 370гр","lenta","2026-09-17 17:19:08.987",78.99,59.99,"provisional"
"prod_dca39e6bdf32297c","Смесь молочная SIMILAC Неошур, для недоношенных и маловесных детей, с рождения , 370гр","lenta","2026-09-17 17:30:08.886",78.99,59.99,"provisional"
"prod_dca39e6bdf32297c","Смесь молочная SIMILAC Неошур, для недоношенных и маловесных детей, с рождения , 370гр","lenta","2026-09-17 17:41:07.739",78.99,59.99,"provisional"
"prod_dca39e6bdf32297c","Смесь молочная SIMILAC Неошур, для недоношенных и маловесных детей, с рождения , 370гр","lenta","2026-09-17 17:52:10.937",78.99,59.99,"provisional"
"prod_dca39e6bdf32297c","Смесь молочная SIMILAC Неошур, для недоношенных и маловесных детей, с рождения , 370гр","lenta","2026-09-17 18:03:09.291",78.99,59.99,"provisional"
"prod_dca39e6bdf32297c","Смесь молочная SIMILAC Неошур, для недоношенных и маловесных детей, с рождения , 370гр","lenta","2026-09-17 18:14:06.778",78.99,59.99,"provisional"
"prod_dca39e6bdf32297c","Смесь молочная SIMILAC Неошур, для недоношенных и маловесных детей, с рождения , 370гр","lenta","2026-09-17 18:25:06.216",78.99,59.99,"provisional"
"prod_dca39e6bdf32297c","Смесь молочная SIMILAC Неошур, для недоношенных и маловесных детей, с рождения , 370гр","lenta","2026-09-17 18:36:04.188",78.99,59.99,"provisional"
"prod_dca39e6bdf32297c","Смесь молочная SIMILAC Неошур, для недоношенных и маловесных детей, с рождения , 370гр","lenta","2026-09-17 18:46:57.936",78.99,59.99,"provisional"
"prod_dca39e6bdf32297c","Смесь молочная SIMILAC Неошур, для недоношенных и маловесных детей, с рождения , 370гр","lenta","2026-09-17 18:57:55.551",78.99,59.99,"provisional"
"prod_dca39e6bdf32297c","Смесь молочная SIMILAC Неошур, для недоношенных и маловесных детей, с рождения , 370гр","lenta","2026-09-17 19:09:02.991",78.99,59.99,"provisional"
"prod_dca39e6bdf32297c","Смесь молочная SIMILAC Неошур, для недоношенных и маловесных детей, с рождения , 370гр","lenta","2026-09-17 19:19:58.369",78.99,59.99,"provisional"
"prod_dca39e6bdf32297c","Смесь молочная SIMILAC Неошур, для недоношенных и маловесных детей, с рождения , 370гр","lenta","2026-09-17 19:30:55.822",78.99,59.99,"provisional"
"prod_dd35d350c8980a77","Салфетки для лица матирующие","iledebeaute","2026-09-17 16:56:56.304",260,150,"provisional"
"prod_dd35d350c8980a77","Салфетки для лица матирующие","iledebeaute","2026-09-17 17:07:47.134",260,150,"provisional"
"prod_dd35d350c8980a77","Салфетки для лица матирующие","iledebeaute","2026-09-17 17:18:36.857",260,150,"provisional"
"prod_dd35d350c8980a77","Салфетки для лица матирующие","iledebeaute","2026-09-17 17:29:25.349",260,150,"provisional"
"prod_dd35d350c8980a77","Салфетки для лица матирующие","iledebeaute","2026-09-17 17:40:15.003",260,150,"provisional"
"prod_dd35d350c8980a77","Салфетки для лица матирующие","iledebeaute","2026-09-17 17:51:04.868",260,150,"provisional"
"prod_dd35d350c8980a77","Салфетки для лица матирующие","iledebeaute","2026-09-17 18:01:53.135",260,150,"provisional"
"prod_dd35d350c8980a77","Салфетки для лица матирующие","iledebeaute","2026-09-17 18:12:41.540",260,150,"provisional"
"prod_dd35d350c8980a77","Салфетки для лица матирующие","iledebeaute","2026-09-17 18:23:30.367",260,150,"provisional"
"prod_dd35d350c8980a77","Салфетки для лица матирующие","iledebeaute","2026-09-17 18:34:19.816",260,150,"provisional"
"prod_dd35d350c8980a77","Салфетки для лица матирующие","iledebeaute","2026-09-17 18:45:10.293",260,150,"provisional"
"prod_dd35d350c8980a77","Салфетки для лица матирующие","iledebeaute","2026-09-17 18:55:59.361",260,150,"provisional"
"prod_dd35d350c8980a77","Салфетки для лица матирующие","iledebeaute","2026-09-17 19:06:48.504",260,150,"provisional"
"prod_dd35d350c8980a77","Салфетки для лица матирующие","iledebeaute","2026-09-17 19:17:36.924",260,150,"provisional"
"prod_dd35d350c8980a77","Салфетки для лица матирующие","iledebeaute","2026-09-17 19:28:27.690",260,150,"provisional"
"prod_dd35d350c8980a77","Салфетки для лица матирующие","iledebeaute","2026-09-17 19:39:16.423",260,150,"provisional"
"prod_ddf6229bf6328f7e","Консилер для лица `LUXVISAGE` ULTRA HD тон 10 fair светоотражающий","podruzhka","2026-09-17 16:56:18.528",424,232,"provisional"
"prod_ddf6229bf6328f7e","Консилер для лица `LUXVISAGE` ULTRA HD тон 10 fair светоотражающий","podruzhka","2026-09-17 17:06:23.990",424,232,"provisional"
"prod_ddf6229bf6328f7e","Консилер для лица `LUXVISAGE` ULTRA HD тон 10 fair светоотражающий","podruzhka","2026-09-17 17:16:27.847",424,232,"provisional"
"prod_ddf6229bf6328f7e","Консилер для лица `LUXVISAGE` ULTRA HD тон 10 fair светоотражающий","podruzhka","2026-09-17 17:26:32.049",424,232,"provisional"
"prod_ddf6229bf6328f7e","Консилер для лица `LUXVISAGE` ULTRA HD тон 10 fair светоотражающий","podruzhka","2026-09-17 17:36:36.730",424,232,"provisional"
"prod_ddf6229bf6328f7e","Консилер для лица `LUXVISAGE` ULTRA HD тон 10 fair светоотражающий","podruzhka","2026-09-17 17:46:41.431",424,232,"provisional"
"prod_ddf6229bf6328f7e","Консилер для лица `LUXVISAGE` ULTRA HD тон 10 fair светоотражающий","podruzhka","2026-09-17 17:56:47.459",424,232,"provisional"
"prod_ddf6229bf6328f7e","Консилер для лица `LUXVISAGE` ULTRA HD тон 10 fair светоотражающий","podruzhka","2026-09-17 18:06:52.479",424,232,"provisional"
"prod_ddf6229bf6328f7e","Консилер для лица `LUXVISAGE` ULTRA HD тон 10 fair светоотражающий","podruzhka","2026-09-17 18:16:58.641",424,232,"provisional"
"prod_ddf6229bf6328f7e","Консилер для лица `LUXVISAGE` ULTRA HD тон 10 fair светоотражающий","podruzhka","2026-09-17 18:27:03.062",424,232,"provisional"
"prod_ddf6229bf6328f7e","Консилер для лица `LUXVISAGE` ULTRA HD тон 10 fair светоотражающий","podruzhka","2026-09-17 18:37:08.832",424,232,"provisional"
"prod_ddf6229bf6328f7e","Консилер для лица `LUXVISAGE` ULTRA HD тон 10 fair светоотражающий","podruzhka","2026-09-17 18:47:13.245",424,232,"provisional"
"prod_ddf6229bf6328f7e","Консилер для лица `LUXVISAGE` ULTRA HD тон 10 fair светоотражающий","podruzhka","2026-09-17 18:57:17.329",424,232,"provisional"
"prod_ddf6229bf6328f7e","Консилер для лица `LUXVISAGE` ULTRA HD тон 10 fair светоотражающий","podruzhka","2026-09-17 19:07:21.442",424,232,"provisional"
"prod_ddf6229bf6328f7e","Консилер для лица `LUXVISAGE` ULTRA HD тон 10 fair светоотражающий","podruzhka","2026-09-17 19:17:24.862",424,232,"provisional"
"prod_ddf6229bf6328f7e","Консилер для лица `LUXVISAGE` ULTRA HD тон 10 fair светоотражающий","podruzhka","2026-09-17 19:27:27.984",424,232,"provisional"
"prod_ddf6229bf6328f7e","Консилер для лица `LUXVISAGE` ULTRA HD тон 10 fair светоотражающий","podruzhka","2026-09-17 19:37:31.675",424,232,"provisional"
"prod_e310a1433908f2e5","Стиральная машина Candy CSH41273DW/2-07","holodilnik","2026-09-17 16:56:15.141",33999,23099,"provisional"
"prod_e310a1433908f2e5","Стиральная машина Candy CSH41273DW/2-07","holodilnik","2026-09-17 17:06:16.573",33999,23099,"provisional"
"prod_e310a1433908f2e5","Стиральная машина Candy CSH41273DW/2-07","holodilnik","2026-09-17 17:16:17.424",33999,23099,"provisional"
"prod_e310a1433908f2e5","Стиральная машина Candy CSH41273DW/2-07","holodilnik","2026-09-17 17:26:18.307",33999,23099,"provisional"
"prod_e310a1433908f2e5","Стиральная машина Candy CSH41273DW/2-07","holodilnik","2026-09-17 17:36:18.928",33999,23099,"provisional"
"prod_e310a1433908f2e5","Стиральная машина Candy CSH41273DW/2-07","holodilnik","2026-09-17 17:46:19.532",33999,23099,"provisional"
"prod_e310a1433908f2e5","Стиральная машина Candy CSH41273DW/2-07","holodilnik","2026-09-17 17:56:20.187",33999,23099,"provisional"
"prod_e310a1433908f2e5","Стиральная машина Candy CSH41273DW/2-07","holodilnik","2026-09-17 18:06:20.817",33999,23099,"provisional"
"prod_e310a1433908f2e5","Стиральная машина Candy CSH41273DW/2-07","holodilnik","2026-09-17 18:16:21.511",33999,23099,"provisional"
"prod_e310a1433908f2e5","Стиральная машина Candy CSH41273DW/2-07","holodilnik","2026-09-17 18:26:22.190",33999,23099,"provisional"
"prod_e310a1433908f2e5","Стиральная машина Candy CSH41273DW/2-07","holodilnik","2026-09-17 18:36:23.748",33999,23099,"provisional"
"prod_e310a1433908f2e5","Стиральная машина Candy CSH41273DW/2-07","holodilnik","2026-09-17 18:46:24.353",33999,23099,"provisional"
"prod_e310a1433908f2e5","Стиральная машина Candy CSH41273DW/2-07","holodilnik","2026-09-17 18:56:25.051",33999,23099,"provisional"
"prod_e310a1433908f2e5","Стиральная машина Candy CSH41273DW/2-07","holodilnik","2026-09-17 19:06:25.703",33999,23099,"provisional"
"prod_e310a1433908f2e5","Стиральная машина Candy CSH41273DW/2-07","holodilnik","2026-09-17 19:16:26.481",33999,23099,"provisional"
"prod_e310a1433908f2e5","Стиральная машина Candy CSH41273DW/2-07","holodilnik","2026-09-17 19:26:27.034",33999,23099,"provisional"
"prod_e310a1433908f2e5","Стиральная машина Candy CSH41273DW/2-07","holodilnik","2026-09-17 19:36:27.832",33999,23099,"provisional"
"prod_e5246cb325f231e8","MINI XENON Палетка теней","iledebeaute","2026-09-17 16:56:37.263",4370,3496,"provisional"
"prod_e5246cb325f231e8","MINI XENON Палетка теней","iledebeaute","2026-09-17 17:07:27.452",4370,3496,"provisional"
"prod_e5246cb325f231e8","MINI XENON Палетка теней","iledebeaute","2026-09-17 17:18:17.954",4370,3496,"provisional"
"prod_e5246cb325f231e8","MINI XENON Палетка теней","iledebeaute","2026-09-17 17:29:06.251",4370,3496,"provisional"
"prod_e5246cb325f231e8","MINI XENON Палетка теней","iledebeaute","2026-09-17 17:39:55.548",4370,3496,"provisional"
"prod_e5246cb325f231e8","MINI XENON Палетка теней","iledebeaute","2026-09-17 17:50:44.627",4370,3496,"provisional"
"prod_e5246cb325f231e8","MINI XENON Палетка теней","iledebeaute","2026-09-17 18:01:34.129",4370,3496,"provisional"
"prod_e5246cb325f231e8","MINI XENON Палетка теней","iledebeaute","2026-09-17 18:12:22.357",4370,3496,"provisional"
"prod_e5246cb325f231e8","MINI XENON Палетка теней","iledebeaute","2026-09-17 18:23:11.057",4370,3496,"provisional"
"prod_e5246cb325f231e8","MINI XENON Палетка теней","iledebeaute","2026-09-17 18:34:00.236",4370,3496,"provisional"
"prod_e5246cb325f231e8","MINI XENON Палетка теней","iledebeaute","2026-09-17 18:44:48.934",4370,3496,"provisional"
"prod_e5246cb325f231e8","MINI XENON Палетка теней","iledebeaute","2026-09-17 18:55:37.745",4370,3496,"provisional"
"prod_e5246cb325f231e8","MINI XENON Палетка теней","iledebeaute","2026-09-17 19:06:26.801",4370,3496,"provisional"
"prod_e5246cb325f231e8","MINI XENON Палетка теней","iledebeaute","2026-09-17 19:17:15.523",4370,3496,"provisional"
"prod_e5246cb325f231e8","MINI XENON Палетка теней","iledebeaute","2026-09-17 19:28:05.743",4370,3496,"provisional"
"prod_e5246cb325f231e8","MINI XENON Палетка теней","iledebeaute","2026-09-17 19:38:54.940",4370,3496,"provisional"
"prod_e7cdfebbb4136644","MINI ROSE Палетка теней в мини-формате","iledebeaute","2026-09-17 16:56:22.754",4370,3059,"provisional"
"prod_e7cdfebbb4136644","MINI ROSE Палетка теней в мини-формате","iledebeaute","2026-09-17 17:07:12.457",4370,3059,"provisional"
"prod_e7cdfebbb4136644","MINI ROSE Палетка теней в мини-формате","iledebeaute","2026-09-17 17:18:03.693",4370,3059,"provisional"
"prod_e7cdfebbb4136644","MINI ROSE Палетка теней в мини-формате","iledebeaute","2026-09-17 17:28:52.020",4370,3059,"provisional"
"prod_e7cdfebbb4136644","MINI ROSE Палетка теней в мини-формате","iledebeaute","2026-09-17 17:39:40.820",4370,3059,"provisional"
"prod_e7cdfebbb4136644","MINI ROSE Палетка теней в мини-формате","iledebeaute","2026-09-17 17:50:30.340",4370,3059,"provisional"
"prod_e7cdfebbb4136644","MINI ROSE Палетка теней в мини-формате","iledebeaute","2026-09-17 18:01:19.953",4370,3059,"provisional"
"prod_e7cdfebbb4136644","MINI ROSE Палетка теней в мини-формате","iledebeaute","2026-09-17 18:12:08.022",4370,3059,"provisional"
"prod_e7cdfebbb4136644","MINI ROSE Палетка теней в мини-формате","iledebeaute","2026-09-17 18:22:56.764",4370,3059,"provisional"
"prod_e7cdfebbb4136644","MINI ROSE Палетка теней в мини-формате","iledebeaute","2026-09-17 18:33:45.539",4370,3059,"provisional"
"prod_e7cdfebbb4136644","MINI ROSE Палетка теней в мини-формате","iledebeaute","2026-09-17 18:44:34.872",4370,3059,"provisional"
"prod_e7cdfebbb4136644","MINI ROSE Палетка теней в мини-формате","iledebeaute","2026-09-17 18:55:23.197",4370,3059,"provisional"
"prod_e7cdfebbb4136644","MINI ROSE Палетка теней в мини-формате","iledebeaute","2026-09-17 19:06:12.248",4370,3059,"provisional"
"prod_e7cdfebbb4136644","MINI ROSE Палетка теней в мини-формате","iledebeaute","2026-09-17 19:17:01.231",4370,3059,"provisional"
"prod_e7cdfebbb4136644","MINI ROSE Палетка теней в мини-формате","iledebeaute","2026-09-17 19:27:51.043",4370,3059,"provisional"
"prod_e7cdfebbb4136644","MINI ROSE Палетка теней в мини-формате","iledebeaute","2026-09-17 19:38:40.720",4370,3059,"provisional"
"prod_e845b5d2e6eff55e","Точечный крем-бустер `CELIMAX` THE VITA A с ретиналем и микроиглами 15 мл","podruzhka","2026-09-17 16:56:15.894",2760,1132,"provisional"
"prod_e845b5d2e6eff55e","Точечный крем-бустер `CELIMAX` THE VITA A с ретиналем и микроиглами 15 мл","podruzhka","2026-09-17 17:06:21.007",2760,1132,"provisional"
"prod_e845b5d2e6eff55e","Точечный крем-бустер `CELIMAX` THE VITA A с ретиналем и микроиглами 15 мл","podruzhka","2026-09-17 17:16:25.113",2760,1132,"provisional"
"prod_e845b5d2e6eff55e","Точечный крем-бустер `CELIMAX` THE VITA A с ретиналем и микроиглами 15 мл","podruzhka","2026-09-17 17:26:29.154",2760,1132,"provisional"
"prod_e845b5d2e6eff55e","Точечный крем-бустер `CELIMAX` THE VITA A с ретиналем и микроиглами 15 мл","podruzhka","2026-09-17 17:36:33.940",2760,1132,"provisional"
"prod_e845b5d2e6eff55e","Точечный крем-бустер `CELIMAX` THE VITA A с ретиналем и микроиглами 15 мл","podruzhka","2026-09-17 17:46:37.999",2760,1132,"provisional"
"prod_e845b5d2e6eff55e","Точечный крем-бустер `CELIMAX` THE VITA A с ретиналем и микроиглами 15 мл","podruzhka","2026-09-17 17:56:44.564",2760,1132,"provisional"
"prod_e845b5d2e6eff55e","Точечный крем-бустер `CELIMAX` THE VITA A с ретиналем и микроиглами 15 мл","podruzhka","2026-09-17 18:06:49.603",2760,1132,"provisional"
"prod_e845b5d2e6eff55e","Точечный крем-бустер `CELIMAX` THE VITA A с ретиналем и микроиглами 15 мл","podruzhka","2026-09-17 18:16:53.644",2760,1132,"provisional"
"prod_e845b5d2e6eff55e","Точечный крем-бустер `CELIMAX` THE VITA A с ретиналем и микроиглами 15 мл","podruzhka","2026-09-17 18:26:59.940",2760,1132,"provisional"
"prod_e845b5d2e6eff55e","Точечный крем-бустер `CELIMAX` THE VITA A с ретиналем и микроиглами 15 мл","podruzhka","2026-09-17 18:37:06.009",2760,1132,"provisional"
"prod_e845b5d2e6eff55e","Точечный крем-бустер `CELIMAX` THE VITA A с ретиналем и микроиглами 15 мл","podruzhka","2026-09-17 18:47:10.590",2760,1132,"provisional"
"prod_e845b5d2e6eff55e","Точечный крем-бустер `CELIMAX` THE VITA A с ретиналем и микроиглами 15 мл","podruzhka","2026-09-17 18:57:14.509",2760,1132,"provisional"
"prod_e845b5d2e6eff55e","Точечный крем-бустер `CELIMAX` THE VITA A с ретиналем и микроиглами 15 мл","podruzhka","2026-09-17 19:07:18.714",2760,1132,"provisional"
"prod_e845b5d2e6eff55e","Точечный крем-бустер `CELIMAX` THE VITA A с ретиналем и микроиглами 15 мл","podruzhka","2026-09-17 19:17:22.712",2760,1132,"provisional"
"prod_e845b5d2e6eff55e","Точечный крем-бустер `CELIMAX` THE VITA A с ретиналем и микроиглами 15 мл","podruzhka","2026-09-17 19:27:25.512",2760,1132,"provisional"
"prod_e845b5d2e6eff55e","Точечный крем-бустер `CELIMAX` THE VITA A с ретиналем и микроиглами 15 мл","podruzhka","2026-09-17 19:37:28.684",2760,1132,"provisional"
"prod_e9c310530bda5cd6","Скраб для тела Synergetic Кофе и зелёный лайм, 300 мл","magnit","2026-09-17 16:56:14.921",499.99,369.99,"provisional"
"prod_e9c310530bda5cd6","Скраб для тела Synergetic Кофе и зелёный лайм, 300 мл","magnit","2026-09-17 17:06:16.560",499.99,369.99,"provisional"
"prod_e9c310530bda5cd6","Скраб для тела Synergetic Кофе и зелёный лайм, 300 мл","magnit","2026-09-17 17:16:17.163",499.99,369.99,"provisional"
"prod_e9c310530bda5cd6","Скраб для тела Synergetic Кофе и зелёный лайм, 300 мл","magnit","2026-09-17 17:26:17.701",499.99,369.99,"provisional"
"prod_e9c310530bda5cd6","Скраб для тела Synergetic Кофе и зелёный лайм, 300 мл","magnit","2026-09-17 17:36:18.304",499.99,369.99,"provisional"
"prod_e9c310530bda5cd6","Скраб для тела Synergetic Кофе и зелёный лайм, 300 мл","magnit","2026-09-17 17:46:19.287",499.99,369.99,"provisional"
"prod_e9c310530bda5cd6","Скраб для тела Synergetic Кофе и зелёный лайм, 300 мл","magnit","2026-09-17 17:56:19.899",499.99,369.99,"provisional"
"prod_e9c310530bda5cd6","Скраб для тела Synergetic Кофе и зелёный лайм, 300 мл","magnit","2026-09-17 18:06:20.697",499.99,369.99,"provisional"
"prod_e9c310530bda5cd6","Скраб для тела Synergetic Кофе и зелёный лайм, 300 мл","magnit","2026-09-17 18:16:21.246",499.99,369.99,"provisional"
"prod_e9c310530bda5cd6","Скраб для тела Synergetic Кофе и зелёный лайм, 300 мл","magnit","2026-09-17 18:26:21.944",499.99,369.99,"provisional"
"prod_e9c310530bda5cd6","Скраб для тела Synergetic Кофе и зелёный лайм, 300 мл","magnit","2026-09-17 18:36:23.441",499.99,369.99,"provisional"
"prod_e9c310530bda5cd6","Скраб для тела Synergetic Кофе и зелёный лайм, 300 мл","magnit","2026-09-17 18:46:24.078",499.99,369.99,"provisional"
"prod_e9c310530bda5cd6","Скраб для тела Synergetic Кофе и зелёный лайм, 300 мл","magnit","2026-09-17 18:56:25.013",499.99,369.99,"provisional"
"prod_e9c310530bda5cd6","Скраб для тела Synergetic Кофе и зелёный лайм, 300 мл","magnit","2026-09-17 19:06:25.916",499.99,369.99,"provisional"
"prod_e9c310530bda5cd6","Скраб для тела Synergetic Кофе и зелёный лайм, 300 мл","magnit","2026-09-17 19:16:26.743",499.99,369.99,"provisional"
"prod_e9c310530bda5cd6","Скраб для тела Synergetic Кофе и зелёный лайм, 300 мл","magnit","2026-09-17 19:26:27.353",499.99,369.99,"provisional"
"prod_e9c310530bda5cd6","Скраб для тела Synergetic Кофе и зелёный лайм, 300 мл","magnit","2026-09-17 19:36:28.213",499.99,369.99,"provisional"
"prod_ea77ca077470a09f","Крем для лица `CELIMAX` DUAL BARRIER с комплексом керамидов (укрепляющий) 50 мл","podruzhka","2026-09-17 16:56:15.892",3790,1296,"provisional"
"prod_ea77ca077470a09f","Крем для лица `CELIMAX` DUAL BARRIER с комплексом керамидов (укрепляющий) 50 мл","podruzhka","2026-09-17 17:06:21.005",3790,1296,"provisional"
"prod_ea77ca077470a09f","Крем для лица `CELIMAX` DUAL BARRIER с комплексом керамидов (укрепляющий) 50 мл","podruzhka","2026-09-17 17:16:25.110",3790,1296,"provisional"
"prod_ea77ca077470a09f","Крем для лица `CELIMAX` DUAL BARRIER с комплексом керамидов (укрепляющий) 50 мл","podruzhka","2026-09-17 17:26:29.152",3790,1296,"provisional"
"prod_ea77ca077470a09f","Крем для лица `CELIMAX` DUAL BARRIER с комплексом керамидов (укрепляющий) 50 мл","podruzhka","2026-09-17 17:36:33.938",3790,1296,"provisional"
"prod_ea77ca077470a09f","Крем для лица `CELIMAX` DUAL BARRIER с комплексом керамидов (укрепляющий) 50 мл","podruzhka","2026-09-17 17:46:37.997",3790,1296,"provisional"
"prod_ea77ca077470a09f","Крем для лица `CELIMAX` DUAL BARRIER с комплексом керамидов (укрепляющий) 50 мл","podruzhka","2026-09-17 17:56:44.562",3790,1296,"provisional"
"prod_ea77ca077470a09f","Крем для лица `CELIMAX` DUAL BARRIER с комплексом керамидов (укрепляющий) 50 мл","podruzhka","2026-09-17 18:06:49.601",3790,1296,"provisional"
"prod_ea77ca077470a09f","Крем для лица `CELIMAX` DUAL BARRIER с комплексом керамидов (укрепляющий) 50 мл","podruzhka","2026-09-17 18:16:53.642",3790,1296,"provisional"
"prod_ea77ca077470a09f","Крем для лица `CELIMAX` DUAL BARRIER с комплексом керамидов (укрепляющий) 50 мл","podruzhka","2026-09-17 18:26:59.938",3790,1296,"provisional"
"prod_ea77ca077470a09f","Крем для лица `CELIMAX` DUAL BARRIER с комплексом керамидов (укрепляющий) 50 мл","podruzhka","2026-09-17 18:37:06.006",3790,1296,"provisional"
"prod_ea77ca077470a09f","Крем для лица `CELIMAX` DUAL BARRIER с комплексом керамидов (укрепляющий) 50 мл","podruzhka","2026-09-17 18:47:10.588",3790,1296,"provisional"
"prod_ea77ca077470a09f","Крем для лица `CELIMAX` DUAL BARRIER с комплексом керамидов (укрепляющий) 50 мл","podruzhka","2026-09-17 18:57:14.507",3790,1296,"provisional"
"prod_ea77ca077470a09f","Крем для лица `CELIMAX` DUAL BARRIER с комплексом керамидов (укрепляющий) 50 мл","podruzhka","2026-09-17 19:07:18.711",3790,1296,"provisional"
"prod_ea77ca077470a09f","Крем для лица `CELIMAX` DUAL BARRIER с комплексом керамидов (укрепляющий) 50 мл","podruzhka","2026-09-17 19:17:22.709",3790,1296,"provisional"
"prod_ea77ca077470a09f","Крем для лица `CELIMAX` DUAL BARRIER с комплексом керамидов (укрепляющий) 50 мл","podruzhka","2026-09-17 19:27:25.510",3790,1296,"provisional"
"prod_ea77ca077470a09f","Крем для лица `CELIMAX` DUAL BARRIER с комплексом керамидов (укрепляющий) 50 мл","podruzhka","2026-09-17 19:37:28.682",3790,1296,"provisional"
"prod_eef34a1083942a90","Крем для лица `CELIMAX` PORE+DARK SPOT выравнивающий тон кожи 35 мл","podruzhka","2026-09-17 18:16:58.639",2907,1354,"provisional"
"prod_f27a3b3cd1355f38","Мороженое Binggrae Сэндвич Рыбка со сливочным кремом, 90 г","magnit","2026-09-17 16:56:14.892",265.99,199.99,"provisional"
"prod_f27a3b3cd1355f38","Мороженое Binggrae Сэндвич Рыбка со сливочным кремом, 90 г","magnit","2026-09-17 17:06:16.543",265.99,199.99,"provisional"
"prod_f27a3b3cd1355f38","Мороженое Binggrae Сэндвич Рыбка со сливочным кремом, 90 г","magnit","2026-09-17 17:16:17.154",265.99,199.99,"provisional"
"prod_f27a3b3cd1355f38","Мороженое Binggrae Сэндвич Рыбка со сливочным кремом, 90 г","magnit","2026-09-17 17:26:17.691",265.99,199.99,"provisional"
"prod_f27a3b3cd1355f38","Мороженое Binggrae Сэндвич Рыбка со сливочным кремом, 90 г","magnit","2026-09-17 17:36:18.293",265.99,199.99,"provisional"
"prod_f27a3b3cd1355f38","Мороженое Binggrae Сэндвич Рыбка со сливочным кремом, 90 г","magnit","2026-09-17 17:46:19.276",265.99,199.99,"provisional"
"prod_f27a3b3cd1355f38","Мороженое Binggrae Сэндвич Рыбка со сливочным кремом, 90 г","magnit","2026-09-17 17:56:19.887",265.99,199.99,"provisional"
"prod_f27a3b3cd1355f38","Мороженое Binggrae Сэндвич Рыбка со сливочным кремом, 90 г","magnit","2026-09-17 18:06:20.683",265.99,199.99,"provisional"
"prod_f27a3b3cd1355f38","Мороженое Binggrae Сэндвич Рыбка со сливочным кремом, 90 г","magnit","2026-09-17 18:16:21.230",265.99,199.99,"provisional"
"prod_f27a3b3cd1355f38","Мороженое Binggrae Сэндвич Рыбка со сливочным кремом, 90 г","magnit","2026-09-17 18:26:21.920",265.99,199.99,"provisional"
"prod_f27a3b3cd1355f38","Мороженое Binggrae Сэндвич Рыбка со сливочным кремом, 90 г","magnit","2026-09-17 18:36:23.431",265.99,199.99,"provisional"
"prod_f27a3b3cd1355f38","Мороженое Binggrae Сэндвич Рыбка со сливочным кремом, 90 г","magnit","2026-09-17 18:46:24.067",265.99,199.99,"provisional"
"prod_f27a3b3cd1355f38","Мороженое Binggrae Сэндвич Рыбка со сливочным кремом, 90 г","magnit","2026-09-17 18:56:24.997",265.99,199.99,"provisional"
"prod_f27a3b3cd1355f38","Мороженое Binggrae Сэндвич Рыбка со сливочным кремом, 90 г","magnit","2026-09-17 19:06:25.900",265.99,199.99,"provisional"
"prod_f27a3b3cd1355f38","Мороженое Binggrae Сэндвич Рыбка со сливочным кремом, 90 г","magnit","2026-09-17 19:16:26.729",265.99,199.99,"provisional"
"prod_f27a3b3cd1355f38","Мороженое Binggrae Сэндвич Рыбка со сливочным кремом, 90 г","magnit","2026-09-17 19:26:27.339",265.99,199.99,"provisional"
"prod_f27a3b3cd1355f38","Мороженое Binggrae Сэндвич Рыбка со сливочным кремом, 90 г","magnit","2026-09-17 19:36:28.198",265.99,199.99,"provisional"
"prod_f5cf01a6ba92a999","Кипер для бутылки Routemark Даже не щупать, черный","mvideo","2026-09-17 16:56:15.988",1538,719,"provisional"
"prod_f5cf01a6ba92a999","Кипер для бутылки Routemark Даже не щупать, черный","mvideo","2026-09-17 17:06:18.273",1538,719,"provisional"
"prod_f5cf01a6ba92a999","Кипер для бутылки Routemark Даже не щупать, черный","mvideo","2026-09-17 17:16:19.899",1538,719,"provisional"
"prod_f5cf01a6ba92a999","Кипер для бутылки Routemark Даже не щупать, черный","mvideo","2026-09-17 17:26:21.374",1538,719,"provisional"
"prod_f5cf01a6ba92a999","Кипер для бутылки Routemark Даже не щупать, черный","mvideo","2026-09-17 17:36:22.883",1538,719,"provisional"
"prod_f5cf01a6ba92a999","Кипер для бутылки Routemark Даже не щупать, черный","mvideo","2026-09-17 17:46:24.496",1538,719,"provisional"
"prod_f5cf01a6ba92a999","Кипер для бутылки Routemark Даже не щупать, черный","mvideo","2026-09-17 17:56:26.072",1538,719,"provisional"
"prod_f5cf01a6ba92a999","Кипер для бутылки Routemark Даже не щупать, черный","mvideo","2026-09-17 18:06:27.731",1538,719,"provisional"
"prod_f5cf01a6ba92a999","Кипер для бутылки Routemark Даже не щупать, черный","mvideo","2026-09-17 18:16:29.197",1538,719,"provisional"
"prod_f5cf01a6ba92a999","Кипер для бутылки Routemark Даже не щупать, черный","mvideo","2026-09-17 18:26:31.064",1538,719,"provisional"
"prod_f5cf01a6ba92a999","Кипер для бутылки Routemark Даже не щупать, черный","mvideo","2026-09-17 18:36:32.733",1538,719,"provisional"
"prod_f5cf01a6ba92a999","Кипер для бутылки Routemark Даже не щупать, черный","mvideo","2026-09-17 18:46:34.386",1538,719,"provisional"
"prod_f5cf01a6ba92a999","Кипер для бутылки Routemark Даже не щупать, черный","mvideo","2026-09-17 18:56:36.061",1538,719,"provisional"
"prod_f5cf01a6ba92a999","Кипер для бутылки Routemark Даже не щупать, черный","mvideo","2026-09-17 19:06:37.935",1538,719,"provisional"
"prod_f5cf01a6ba92a999","Кипер для бутылки Routemark Даже не щупать, черный","mvideo","2026-09-17 19:16:39.816",1538,719,"provisional"
"prod_f5cf01a6ba92a999","Кипер для бутылки Routemark Даже не щупать, черный","mvideo","2026-09-17 19:26:41.237",1538,719,"provisional"
"prod_f5cf01a6ba92a999","Кипер для бутылки Routemark Даже не щупать, черный","mvideo","2026-09-17 19:36:42.981",1538,719,"provisional"
"prod_f62d26da1a2f3722","Airy Fit Маска тканевая с экстрактом жемчуга придающая сияние тусклой коже","iledebeaute","2026-09-17 16:56:49.286",220,99,"provisional"
"prod_f62d26da1a2f3722","Airy Fit Маска тканевая с экстрактом жемчуга придающая сияние тусклой коже","iledebeaute","2026-09-17 17:07:39.618",220,99,"provisional"
"prod_f62d26da1a2f3722","Airy Fit Маска тканевая с экстрактом жемчуга придающая сияние тусклой коже","iledebeaute","2026-09-17 17:18:29.793",220,99,"provisional"
"prod_f62d26da1a2f3722","Airy Fit Маска тканевая с экстрактом жемчуга придающая сияние тусклой коже","iledebeaute","2026-09-17 17:29:18.108",220,99,"provisional"
"prod_f62d26da1a2f3722","Airy Fit Маска тканевая с экстрактом жемчуга придающая сияние тусклой коже","iledebeaute","2026-09-17 17:40:07.624",220,99,"provisional"
"prod_f62d26da1a2f3722","Airy Fit Маска тканевая с экстрактом жемчуга придающая сияние тусклой коже","iledebeaute","2026-09-17 17:50:56.549",220,99,"provisional"
"prod_f62d26da1a2f3722","Airy Fit Маска тканевая с экстрактом жемчуга придающая сияние тусклой коже","iledebeaute","2026-09-17 18:01:46.040",220,99,"provisional"
"prod_f62d26da1a2f3722","Airy Fit Маска тканевая с экстрактом жемчуга придающая сияние тусклой коже","iledebeaute","2026-09-17 18:12:34.409",220,99,"provisional"
"prod_f62d26da1a2f3722","Airy Fit Маска тканевая с экстрактом жемчуга придающая сияние тусклой коже","iledebeaute","2026-09-17 18:23:23.071",220,99,"provisional"
"prod_f62d26da1a2f3722","Airy Fit Маска тканевая с экстрактом жемчуга придающая сияние тусклой коже","iledebeaute","2026-09-17 18:34:12.380",220,99,"provisional"
"prod_f62d26da1a2f3722","Airy Fit Маска тканевая с экстрактом жемчуга придающая сияние тусклой коже","iledebeaute","2026-09-17 18:45:00.859",220,99,"provisional"
"prod_f62d26da1a2f3722","Airy Fit Маска тканевая с экстрактом жемчуга придающая сияние тусклой коже","iledebeaute","2026-09-17 18:55:49.774",220,99,"provisional"
"prod_f62d26da1a2f3722","Airy Fit Маска тканевая с экстрактом жемчуга придающая сияние тусклой коже","iledebeaute","2026-09-17 19:06:38.902",220,99,"provisional"
"prod_f62d26da1a2f3722","Airy Fit Маска тканевая с экстрактом жемчуга придающая сияние тусклой коже","iledebeaute","2026-09-17 19:17:27.296",220,99,"provisional"
"prod_f62d26da1a2f3722","Airy Fit Маска тканевая с экстрактом жемчуга придающая сияние тусклой коже","iledebeaute","2026-09-17 19:28:17.844",220,99,"provisional"
"prod_f62d26da1a2f3722","Airy Fit Маска тканевая с экстрактом жемчуга придающая сияние тусклой коже","iledebeaute","2026-09-17 19:39:06.919",220,99,"provisional"
"prod_f8f06c4f11cda516","Мороженое эскимо Milka сливочное лесные ягоды, 64 г","magnit","2026-09-17 16:56:14.880",184.99,129.99,"provisional"
"prod_f8f06c4f11cda516","Мороженое эскимо Milka сливочное лесные ягоды, 64 г","magnit","2026-09-17 17:06:16.536",184.99,129.99,"provisional"
"prod_f8f06c4f11cda516","Мороженое эскимо Milka сливочное лесные ягоды, 64 г","magnit","2026-09-17 17:16:17.149",184.99,129.99,"provisional"
"prod_f8f06c4f11cda516","Мороженое эскимо Milka сливочное лесные ягоды, 64 г","magnit","2026-09-17 17:26:17.687",184.99,129.99,"provisional"
"prod_f8f06c4f11cda516","Мороженое эскимо Milka сливочное лесные ягоды, 64 г","magnit","2026-09-17 17:36:18.288",184.99,129.99,"provisional"
"prod_f8f06c4f11cda516","Мороженое эскимо Milka сливочное лесные ягоды, 64 г","magnit","2026-09-17 17:46:19.272",184.99,129.99,"provisional"
"prod_f8f06c4f11cda516","Мороженое эскимо Milka сливочное лесные ягоды, 64 г","magnit","2026-09-17 17:56:19.883",184.99,129.99,"provisional"
"prod_f8f06c4f11cda516","Мороженое эскимо Milka сливочное лесные ягоды, 64 г","magnit","2026-09-17 18:06:20.675",184.99,129.99,"provisional"
"prod_f8f06c4f11cda516","Мороженое эскимо Milka сливочное лесные ягоды, 64 г","magnit","2026-09-17 18:16:21.225",184.99,129.99,"provisional"
"prod_f8f06c4f11cda516","Мороженое эскимо Milka сливочное лесные ягоды, 64 г","magnit","2026-09-17 18:26:21.913",184.99,129.99,"provisional"
"prod_f8f06c4f11cda516","Мороженое эскимо Milka сливочное лесные ягоды, 64 г","magnit","2026-09-17 18:36:23.426",184.99,129.99,"provisional"
"prod_f8f06c4f11cda516","Мороженое эскимо Milka сливочное лесные ягоды, 64 г","magnit","2026-09-17 18:46:24.063",184.99,129.99,"provisional"
"prod_f8f06c4f11cda516","Мороженое эскимо Milka сливочное лесные ягоды, 64 г","magnit","2026-09-17 18:56:24.985",184.99,129.99,"provisional"
"prod_f8f06c4f11cda516","Мороженое эскимо Milka сливочное лесные ягоды, 64 г","magnit","2026-09-17 19:06:25.893",184.99,129.99,"provisional"
"prod_f8f06c4f11cda516","Мороженое эскимо Milka сливочное лесные ягоды, 64 г","magnit","2026-09-17 19:16:26.723",184.99,129.99,"provisional"
"prod_f8f06c4f11cda516","Мороженое эскимо Milka сливочное лесные ягоды, 64 г","magnit","2026-09-17 19:26:27.333",184.99,129.99,"provisional"
"prod_f8f06c4f11cda516","Мороженое эскимо Milka сливочное лесные ягоды, 64 г","magnit","2026-09-17 19:36:28.188",184.99,129.99,"provisional"
